time,addbrev_l,addlong_l,addmagDist_l,addmagIsch_l,addmagMid_l,addmagProx_l,bflh_l,bfsh_l,edl_l,ehl_l,fdl_l,fhl_l,gaslat_l,gasmed_l,glmax1_l,glmax2_l,glmax3_l,glmed1_l,glmed2_l,glmed3_l,glmin1_l,glmin2_l,glmin3_l,grac_l,iliacus_l,perbrev_l,perlong_l,piri_l,psoas_l,recfem_l,sart_l,semimem_l,semiten_l,soleus_l,tfl_l,tibant_l,tibpost_l,vasint_l,vaslat_l,vasmed_l,addbrev_r,addlong_r,addmagDist_r,addmagIsch_r,addmagMid_r,addmagProx_r,bflh_r,bfsh_r,edl_r,ehl_r,fdl_r,fhl_r,gaslat_r,gasmed_r,glmax1_r,glmax2_r,glmax3_r,glmed1_r,glmed2_r,glmed3_r,glmin1_r,glmin2_r,glmin3_r,grac_r,iliacus_r,perbrev_r,perlong_r,piri_r,psoas_r,recfem_r,sart_r,semimem_r,semiten_r,soleus_r,tfl_r,tibant_r,tibpost_r,vasint_r,vaslat_r,vasmed_r
6.07,0.015099539741155174,0.015099545567616736,0.015100135321109697,0.13769323347221832,0.015099382809262719,0.010000235955860852,0.010000062807738611,0.010000301213733694,0.1590354137372471,0.14081402996517975,0.029711941273878693,0.013472404044802584,0.010000146570407169,0.010000076636330037,0.010000011432045574,0.15717364470907508,0.01000024041088324,0.27018545835680835,0.010000002997422094,0.009999996123931846,0.7398178803349539,0.010000116487786835,0.010000010655000313,0.010000616025244059,0.4476002733035061,0.010037319641888089,0.01001215016224407,0.009999995146925025,0.010000338476810694,0.025795047242982674,0.010000091315997923,0.034452168543405624,0.41902115837822845,0.010001243608951731,0.9999998486202477,0.12696940783896785,0.039273541949319965,0.026325760989659913,0.2180574720007898,0.022799888362401342,0.011620349572698183,0.12558878672372908,0.010000014517388928,0.010000006763246718,0.010000046108338899,0.010000611390433426,0.010000032637702976,0.9999998723084693,0.5744730337638497,0.5567757824302703,0.010000463079742105,0.010000186038319269,0.4931642152064207,0.02279902696570987,0.010000036996570405,0.010000006482413587,0.010000001933386132,0.49669686053585005,0.29212820282758856,0.21761341896902606,0.05197940374367603,0.7639230435954163,0.9318986689233185,0.03442599946778348,0.051979110951016226,0.19523457679262501,0.36767155580791266,0.9999999298193311,0.05649556318815339,0.04981297427546316,0.999999875680804,0.049923358791381746,0.09148971465425082,0.010000020647539971,0.2701288804200722,0.8999150031107648,0.010000159141798179,0.010000001174441272,0.009999994039370689,0.00999999838155166
6.0902631578947375,0.0100001587132349,0.010000149594956651,0.010000573487859828,0.09119158755441732,0.010000114525187533,0.01000005668443592,0.03442361245665479,0.2936814471689512,0.10890794902247575,0.20143784057428965,0.09804309258212185,0.010000205947888079,0.010000159432459648,0.010000104793657932,0.05197977376816191,0.1040931942590938,0.010000082858877775,0.17893869404009805,0.08889657335992861,0.1183257854445461,0.48996717789109046,0.07864003814550373,0.3460655190858088,0.010000131638276424,0.2964370678180876,0.02279920614373073,0.0191404412551744,0.022199319868355365,0.010000242175780783,0.04132599746396068,0.21790331055027506,0.022817026739602755,0.2775096561374467,0.01000002544712564,0.6622806862876902,0.3867292340687367,0.026075316714751377,0.017435100521368364,0.14441526973830546,0.015099965673364753,0.01808965853759,0.08317544576218396,0.010000377341791445,0.010000294766347933,0.010000677515800489,0.01060680558313827,0.23801628375463588,0.6622807163869476,0.3804627043288732,0.3687421847058854,0.010114136821445397,0.010083701249996828,0.3266131548336929,0.015099373595878884,0.14596497755598392,0.01760421220916109,0.010000426782793777,0.3289528519578748,0.19347117450032558,0.26374406986996624,0.03442509798519859,0.5059316387257161,0.6171785978430118,0.022799746684863294,0.03442482525331903,0.12930070500538324,0.26520915744108436,0.6633937419520765,0.03741597589627251,0.23317652404509848,0.6622808329911039,0.03306336361092779,0.06059196597993536,0.012849438304608964,0.1789013371377992,0.5959964566152192,0.010007291013173322,0.010000108205361992,0.01000003872980185,0.010000072569515888
6.110526315789474,0.01000005870031059,0.010000028326098817,0.010000068717377894,0.060394442016478346,0.01000006915724205,0.010000745461751746,0.022798531861222014,0.1944996820990605,0.07212767568710694,0.3556850333077881,0.3569293714696888,0.14909097911732347,0.010000027497446337,0.010000012078908233,0.03442537198128691,0.06893894000059486,0.07443360233590891,0.11850766744640512,0.05887454266374386,0.07836497962234902,0.3244958507837264,0.05208192291292741,0.22919483062352486,0.0100007874989027,0.19632460675577984,0.015099500091002879,0.012676358448143604,0.9999993200219385,0.6604234594701286,0.15504218752391286,0.690487607870376,0.0151112833160185,0.18378930465334278,0.010000001938383775,0.4386157986182017,0.312217961468659,0.21673503496621224,0.011547058313055617,0.09564348846816771,0.010000516171905626,0.022354003475494745,0.05514106234067441,0.010000340614652126,0.010000334075210615,0.010000607736470633,0.01825057009913619,0.15763362967881475,0.43861580643207704,0.44324267656538413,0.3774675906411692,0.010000487102314538,0.010000116623701295,0.2163095993705621,0.010000030430879136,0.3777390132702876,0.3495300974380264,0.010000187699080345,0.7483144388913732,0.9999468310272397,0.949225329277645,0.02279921131900494,0.6749685500522692,0.7857803512286325,0.015099874208856575,0.02279893800993429,0.3610937059535382,0.26979579126247094,0.8759741238675806,0.02477991392149866,0.6000195087057888,0.43861592804532756,0.02189724258103871,0.04012892188712943,0.01000000485815992,0.11850750736500625,0.42527913747529256,0.010000119985696576,0.11305432301522345,0.11850776716556481,0.07896847948990497
6.130789473684211,0.0715949774971609,0.3183136226364349,0.010000494746909649,0.039998096576719086,0.601962493643985,0.9999998977205006,0.015099191571591055,0.1288134431449991,0.04776878080952673,0.23556338969796695,0.5353594768692889,0.31928428369455386,0.010000041134880793,0.010000027036216755,0.022799281539641662,0.04565694056705858,0.04929608014911499,0.07848535781868009,0.0389914994049585,0.05189963521805445,0.2149073770768686,0.034492920001636035,0.2295895324569488,0.9999995078630716,0.13002209791862177,0.01000020576121752,0.010000054213896959,0.6622803634181809,0.9999990576111593,0.10268158010663808,0.457296708234342,0.010007918329108198,0.12172012474557004,0.010000029925640861,0.2904868267807362,0.20677594995609086,0.25973316581447214,0.0784850694069336,0.07848535475981086,0.07848527696189485,0.01480465351185164,0.036518884689030855,0.010000178636608624,0.010000411906220297,0.010000071896397603,0.01208709170324442,0.12483202566301142,0.2904868473061519,0.2935512100504772,0.24998967939871358,0.010117918224473919,0.010109833133625748,0.14325788294039632,0.0100000878320751,0.9999999813241937,0.9999999942623675,0.015152057165343532,0.49559429470393673,0.9999999620958718,0.999999954120132,0.015099537196880836,0.6964287325615133,0.9999999195136523,0.010000388130587427,0.015099322493008787,0.23914575178585826,0.22696657575769424,0.9999999806818347,0.016411282262070327,0.4001892017678188,0.2904869685257682,0.014502140983111846,0.026576642987347115,0.1363973854136237,0.07848529233086296,0.2816541808042155,0.010009097175932097,0.17991110440454355,0.07848557936093743,0.052299601498320226
6.151052631578947,0.9999998721233165,0.9999999635864412,0.40060079999259607,0.026490022712001016,0.9999998463451609,0.9999996930444831,0.010000003283033935,0.08531077734650148,0.0316363499044077,0.1731368868573372,0.3545636585835438,0.21145585493771316,0.07716437942302071,0.010000490114874524,0.015099533966832711,0.030237715589897858,0.032647850552730874,0.05197935134489529,0.02582333329521997,0.03437213719870069,0.14232904232041177,0.022844033404913578,0.1575791739521579,0.6667741285931075,0.9999999435854648,0.010000060775745615,0.010000039759569323,0.4386156027262432,0.9999999128623014,0.06800405571864482,0.30285884937767693,0.009999997591955195,0.08061291669325404,0.07848546019753908,0.19238385976555536,0.13694373279386604,0.17201631896800443,0.05197918980982613,0.05197934891063803,0.05197931149376446,0.010000003809581232,0.024185775309092515,0.01000002818704662,0.010000042811132436,0.01000001494716094,0.01000009529852311,0.3365743490715132,0.33932711030010815,0.2408109929338452,0.21869292460687023,0.010031237342691183,0.010041201985380615,0.2697755624259114,0.07501267272267352,0.99999966788467,0.9999996317430648,0.010034959257527867,0.3282225513037168,0.762581641674861,0.9999998346457002,0.010000166212485775,0.4612313565398602,0.9999991145554925,0.010000094391706226,0.010000056927959185,0.2808411833318408,0.18263942564166777,0.99999997291896,0.010870700640672746,0.2650376376031414,0.38149726586971794,0.3494606757344193,0.01760129382824955,0.09033370588125267,0.051979327504300836,0.27645485710603346,0.010001249402758728,0.11915166480770996,0.051979489121991365,0.03463702682298077
6.1713157894736845,0.9999998879955279,0.9999999281927875,0.7968261087931416,0.03442496443114737,0.9999999103807932,0.9999997744580353,0.05999657035157361,0.8445278497227091,0.020952154954698505,0.11466528032452224,0.28626233730317163,0.14004316221939392,0.07848539024836013,0.07848536594345007,0.010000141371277494,0.020025861151129882,0.021622052341813084,0.03442493231388063,0.01710230962935804,0.02276401212252632,0.09426180346174173,0.015129191660441067,0.10436192401735622,0.9999997208708685,0.9574984808676353,0.015099956673715368,0.07442750277941666,0.29048677325289496,0.7321248596321469,0.045037782990486525,0.20057762122307912,0.08762498426519465,0.6166139397385647,0.0519794182783305,0.1274121434621605,0.09069520048830018,0.11392309488253849,0.03442482669011097,0.03442492354203026,0.03442490255062706,0.010000821561238566,0.5102144518532613,0.010000327307330258,0.6343408709347198,0.010000191618123143,0.01000032373861109,0.22290674378294453,0.8182116741995983,0.15948461258015562,0.1448362999021099,0.11285819175155648,0.01000054736394214,0.1786672160186161,0.09065175604795768,0.6622804932960873,0.6622804638256689,0.010000167262614608,0.29441515451184036,0.5050432393422964,0.6622806660576419,0.1691101398685087,0.3054647112498282,0.662280374173602,0.9998496584326739,0.07848554082935129,0.27452425330415475,0.1342029141725263,0.6622807016728051,0.7628536243925674,0.17552935177601872,0.2526583417448032,0.5724692763949885,0.9999993586233795,0.07609472752349007,0.034424931972211685,0.18309072675151017,0.19966490520298819,0.07891185752396414,0.03442501573515266,0.02293944144032372
6.191578947368421,0.6622824129925524,0.6622807070861421,0.5277225717309929,0.022799007326141346,0.9999999206802801,0.7256880635173062,0.34035337440861463,0.6873973448658315,0.013876222295239972,0.22856421461636245,0.18958609627770343,0.09274789362194834,0.051979385358441973,0.051979366918308505,0.015099386224574877,0.015099523611334811,0.02279899226116707,0.02279897715447636,0.011326637833755265,0.01507624565398812,0.06242778948552162,0.010019848868571456,0.09390328800892975,0.9999989619474311,0.6341327872584877,0.010000486550246733,0.049291912103840714,0.1923841174605377,0.48487219783135227,0.0298276712709863,0.13283874175140872,0.3490476892511328,0.40837162438909647,0.03442497029680506,0.08438267782228775,0.06590567222659621,0.07544908203211464,0.02279890972248403,0.022798965853249226,0.02279895540507591,0.99999999720053,0.6211771943277675,0.9999999325470971,0.9589985049296224,0.9999999659432625,0.9999990903223599,0.1476269711786897,0.9999999622265487,0.44889792483184726,0.3658924039948563,0.20230202426824215,0.05471758308660597,0.11832786066492314,0.06003691640467903,0.4386155962738501,0.4386155739235989,0.010000277760102629,0.1949854812137918,0.33448040872438056,0.4386157357568155,0.11199839728282683,0.20230339875933437,0.4386155676786052,0.9999999933141038,0.05197949093603615,0.18181213576792404,0.08888000809645903,0.43861578390291306,1.0000000019404505,0.1162497309401827,0.1673307932739885,1.0000000062773622,0.9999999735038935,0.05039607108677633,0.022798981417504877,0.1561463948863201,0.13225802354727031,0.052261807418541355,0.02279902595931568,0.01519235469521514
6.211842105263158,0.9999998594573315,0.9999999705020342,0.3495004798455515,0.015099346284279965,0.9976691420210039,0.9999999619623186,0.22540947385563365,0.455250392906942,0.0100000782453053,0.1513741541992451,0.1255592376491059,0.061425145708645185,0.034424956266270464,0.0344249432891366,0.010000062372547495,0.010000135306729285,0.015099337872757121,0.01509932858855342,0.010000056615384183,0.010000157335724466,0.041344732219133304,0.010000684885974569,0.30429403709558916,0.9999992904053663,0.9999999361635316,0.0100004006739365,0.174443715332623,0.4143734723959837,0.999999970846672,0.20058750950173282,0.9999998958573157,0.23116754984303334,0.2704566512342366,0.022798996027201014,0.9571709489843481,0.29013402610349315,0.04996847381727265,0.015099293946772955,0.015099319062157264,0.015099316514611027,0.6622807287441842,0.411393672317984,0.6622810952891562,0.6351262106506852,0.999999848097749,0.9999996655450918,0.9999999767531179,0.6622926358934922,0.9999991483717112,0.8214388128139835,0.1881227431490504,0.03623851148731491,0.07836626141821408,0.03976129265377671,0.2904866485420822,0.29048663279728626,0.9999996392341278,0.12913512208160302,0.2215199233730624,0.29048677984704047,0.07417437887905293,0.13398163960325274,0.2904866389896122,0.6622807406665641,0.034425015512975415,0.12041069092019388,0.058863523967617584,0.9999999553113368,0.7824915979958645,0.07698997738653612,0.9999997340561596,0.838800301540495,0.6622807012624413,0.03337634661301508,0.015099328035206534,0.6978029161827719,0.14948236792436403,0.03461200000562434,0.01509935976131915,0.010061615296244832
6.232105263157895,0.9999999676612352,0.9999999947941345,0.2314674279529379,0.010000012449037554,0.9999998193145795,0.9999999683932962,0.1492843484611009,0.9999999369536915,0.10160449206113559,0.6219966972387867,0.09323814149211426,0.04068069181098442,0.022798990740593213,0.0227989814690698,0.010000001237404127,0.009999996460419807,0.010000005122785455,0.010000006550334091,0.010000011600529279,0.010000010828033876,0.027381837126050818,0.010000180889286137,0.201528082246294,0.9999998989530485,0.9999999948266713,0.1186764761846767,0.3269559674665191,0.2744315593027124,0.9999999936306471,0.13284523934636022,0.9999999741003142,0.15309782021121127,0.1791182310770739,0.015099336436266958,0.6339162125332921,0.560158777680165,0.03309315851548091,0.00999999731698336,0.009999992455097731,0.009999995765253797,0.4386157524628325,0.2724580927398403,0.4386160255297527,0.4206318383985841,0.9744453840612974,0.9999998449484591,0.662280902739517,0.43862367627449483,0.9999992759418732,0.8172261371074064,0.1608520727679936,0.024000137457437416,0.05190046482817074,0.026333137856677884,0.19238370513866634,0.19238369360711394,0.6622806706397013,0.08552369995126084,0.1467083738573156,0.19238419553259326,0.049124261243526174,0.08873345680392684,0.19238370868378474,0.43861576622946236,0.022799024739060224,0.07974569354340609,0.038984182166797034,0.9999999102763564,0.562649318642911,0.05098900303781925,0.9999999669092201,0.5555212644879935,0.4386157349099263,0.022104510897348526,0.009999997852087092,0.9999999585142432,0.09899938154818327,0.02292289682031064,0.01000003545187983,0.010000026641731864
6.252368421052632,0.9999999828055641,1.0000000008765109,0.15329642318604905,0.010000026191474993,0.9999999850201485,0.9999999657118835,0.09886815749479,0.9999999449015616,0.9999999662820926,0.9999998551059512,0.061749834918328556,0.026942039317286958,0.01509933314260904,0.015099326388020414,0.009999997425824822,0.009999993989355627,0.00999999588864211,0.010000034600364055,0.010000002499441512,0.009999997841235491,0.27018752092624,0.0100000297378358,0.13346816937271982,0.9999999462813388,1.0000000005203922,0.07859770320523803,0.5755446167132263,0.18175072928094305,0.9999999955776456,0.08798083930248933,0.9999999636500252,0.9194150054943226,0.11862657902265926,0.010000000080233724,0.41983077211492226,0.9999999661847001,0.02191696172365588,0.009999992975099119,0.009999990955653505,0.00999999212134153,0.29048676394029854,0.18044374135619728,0.29048695122968654,0.2785763548210745,0.6453564681984766,0.9999992422183419,0.8039203099026221,0.290492020240677,0.6622803556080599,0.5412332145953174,0.13833398638393976,0.03292278941362577,0.03437267947759785,0.017439930872195183,0.12741202477331384,0.1274120125042743,0.43861583791512637,0.056640697108871985,0.09716212967807529,0.9803479605991849,0.03253405325388901,0.05876645973112705,0.12741203233994006,0.2904867956353208,0.01509935664725841,0.052814074299864566,0.0258184836741812,0.9999996919280156,0.4061511084501991,0.06183328350622087,0.9999999518429932,0.3679110329048998,0.29048674341679503,0.014639392620412046,0.010000003278046087,0.6622810135729946,0.11719840775274731,0.15049018439948603,0.1139980945927994,0.032047623477148304
6.272631578947369,0.9999998559896747,0.7843533595557897,0.10152527490686428,0.010000023250055575,0.692151326037738,0.9999997522862898,0.06547854237810753,0.9999997712354555,0.9999999165933148,0.9999999717487389,0.04089574632196693,0.017843194481475495,0.009999997571646106,0.009999992803304467,0.010000001388995474,0.00999999586403624,0.009999997601440498,0.01000005222585449,0.010000018220121738,0.010000003516145219,0.17894000107429814,0.010000249514298756,0.08839339975009686,0.9999741103952607,0.9999999595440205,0.999999405722556,0.4318412756969074,0.12037000298172268,0.9999999640899349,0.519184977525669,0.9999999626518264,0.710286887886437,0.07856410746938683,0.00999999046886129,0.6170048486805096,1.0000000027195837,0.014515182071279794,0.009999993185703786,0.00999999102617791,0.009999992348852993,0.9999998538459534,0.11950441324903537,0.1923839223098972,0.18449574902877725,0.9999999517097078,0.9999998670628701,0.5324209188705428,0.19238727650375922,0.4386155808966334,0.3584484170555903,0.13567383581111161,0.19557697068860844,0.022764501146472087,0.015096952085780824,0.08438256341522998,0.08438252746258727,0.29048692241288515,0.037512041727949405,0.06434860892907623,0.6492655751447198,0.021546679598480202,0.03891989603198248,0.08438254411833751,0.9999994880269425,0.010000018656255513,0.17852952480663356,0.0344246297738264,0.6622805364736836,0.9999997747571346,0.04095100878677678,0.6622810408774746,0.2483776904969122,0.19238376994617593,0.03373041695420488,0.009999997971656537,0.4386160159387097,0.12524718404096885,0.17613151885882092,0.17893880718773586,0.17893855504211856
6.292894736842105,0.6624081298889946,0.999999453141213,0.06723825693431436,0.010000055617738738,0.45843845945873346,0.999999729998333,0.04561042411171414,0.662280638251469,0.6622807627986457,0.6622807399088163,0.11460808776042006,0.01181722877853905,0.009999993286836843,0.00999999199913066,0.010000176768219652,0.010000209688327563,0.015099179562401002,0.010000003216435096,0.01000005569311191,0.010867542671947552,0.11850852054125685,0.010000828926424855,0.05854124745704794,0.6622635964387513,0.6622807801074344,0.6622804076692821,0.3168400972880473,0.07971873163807607,0.9999994719770854,0.6022973904535501,0.9999994563765094,0.47040940895122746,0.0520314993203071,0.009999991404587901,0.8846585309655154,0.6776920664681166,0.010000001811965163,0.010000042873974607,0.14258092062105412,0.010000027397225995,0.9999999343543502,0.07914547045651371,0.1274121665378231,0.12218797804125245,0.6622808405099903,0.9999995294969348,0.3526121042202981,0.12741439243276584,0.29880132504992896,0.23739386630927822,0.28618005609230024,0.14651274037203757,0.015076550233405978,0.01000025991742587,0.16702119444086513,0.11828082072385329,0.1923838895947784,0.02484350285152065,0.042616857338180596,0.42999609210502837,0.014269965646425412,0.025775902404017163,0.055884965999976215,0.9999998537552756,0.010000048484462707,0.1182367927763684,0.022798941254764764,0.6050017333337157,0.6622806396004889,0.5029481715844286,0.43861596753989296,0.8634102944810347,0.12741206199311286,0.0490410705878141,0.01000002941392409,0.2904870315090005,0.22642047493937065,0.11850778834796998,0.11850783173995921,0.11850780130980475
6.313157894736842,0.9999997562966532,0.9999998599208424,0.044530632584558846,0.01000015987419661,0.9999946720636987,0.9999986347034077,0.03779553535652101,0.43861575681880843,0.43861580964948554,0.4414606436662027,0.07590294196054043,0.2131670369243187,0.20838515250318154,0.20342467704518702,0.0100000125617826,0.010000001606562203,0.010000008167968139,0.0227851411162888,0.010000076971998471,0.010000016200377559,0.07848592402031167,0.010000939714982842,0.03877074122465087,0.4386044258942588,0.9999999610201636,0.4386332053458792,0.28261647460565986,0.05279617842508791,0.9999999260616266,0.9999999985915062,0.7606788765769842,0.756657141707783,0.034459462766704134,0.21141665474865073,0.9999999393184461,0.44882239523179723,0.010000467030910325,0.23520469402287275,0.8920860709524108,0.17894076745272844,0.6622806713183844,0.05241651947171808,0.08438262267579855,0.08092274208898208,0.4386158322885128,0.9999999126560195,0.23352819461682034,0.0843841057853731,0.30618785738860665,0.3932093738147875,0.22770402646394092,0.09703303046316096,0.010000239932922615,0.010000232773861892,0.999999853700373,0.07848540057969541,0.12741214050727548,0.01645337371701545,0.028224352155904887,0.8621329981022487,0.010000012631765462,0.017070889016924242,0.037011613194214046,0.9999999709951272,0.01000001326340583,0.07830599193995627,0.01509932783041451,0.9999999558089757,0.9073031250769025,0.9999999605454443,0.29048695128806185,0.5718199815700948,0.08438255213445904,0.032478966163501544,0.010000004352391003,0.5165239841539717,0.3391396584069085,0.07848543075490017,0.07848545275041821,0.07848543595684099
6.333421052631579,0.9999999937240163,0.999999997158268,0.029491818696647996,0.010000011076219941,0.9999999827685364,0.9999999813027757,0.03460076203000436,0.290486818430195,0.4434162076177639,0.292370877660859,0.19312874234259275,0.29808884879338443,0.13800950414955684,0.13472425370637428,0.009999993361900836,0.009999991891805478,0.009999994219073695,0.015090177509399004,0.009999997482199504,0.00999999380543852,0.05197972047427277,0.010000045865358843,0.02567711572953621,0.29047926660683365,1.0000000064129844,0.3318095556230514,0.1871714679781947,0.03496589080271442,1.0000000058768987,1.000000008811918,0.999999946952181,0.5011194250063349,0.022821840771896133,0.16036210720622093,0.838575336101192,0.2972465233154986,0.2841894765280319,0.15577169206278063,0.9999999234069649,0.11850911189884968,0.4386157101470852,0.03471445006220291,0.055884984473881134,0.05359357178430576,0.2904868052943066,1.0000000056711198,0.15466121802213006,0.05588597270944176,0.4248927753243478,0.38114269513462196,0.15080400713128922,0.14283615345244988,0.010000012528068829,0.010000011825273478,1.0000000014309387,0.05197939890278265,0.08438260341560448,0.010896753018992384,0.9999999169119984,1.0000000039123818,0.009999994010297945,0.011305728780386003,0.5836657486379496,0.814656907470975,0.009999993457880545,0.05186059875690397,0.01000002538629218,0.9212067980549985,1.0000000059878114,1.0000000074954016,1.000000004655217,0.378705350955106,0.05588493714820778,0.021510204245979717,0.009999993115135226,0.3421483011744793,0.22908009357928272,0.05197939325307521,0.051979402735376365,0.051979394107396805
6.353684210526316,0.6622807245711145,0.6622807046355449,0.05197996049190934,0.03442495429189167,0.9756000954518631,0.9999999354423886,0.022915424428135742,0.19238388296753237,0.3051123518736274,0.19363201389696824,0.12790567026153432,0.1974185462747625,0.29442915170885536,0.4216629934946283,0.0099999926806753,0.00999999154688894,0.009999994615739657,0.010000258105693485,0.009999995662945751,0.009999993173659188,0.034425168428876746,0.010000016528017141,0.017005461397555897,0.19237881975800303,0.6622807440642023,0.21975139815050482,0.12690368742320793,0.9999998408492589,0.9999998544826791,0.812485763644875,0.6622806994124619,0.33188172598385646,0.015114471943570051,0.12321341507069393,0.5553722668872711,0.21950384082757807,0.18821562486900487,0.10316462090700296,0.9999999945808072,0.0784863205082692,0.434437736951681,0.05197938155271366,0.03701154856007247,0.03549399033138253,0.192383808580499,0.9585782179700795,0.10242914083565235,0.037012211847562156,0.5745287023019303,0.26409681928262674,0.09987489042279733,0.09459764116795474,0.010000042690515623,0.010000042011896998,0.6622807061444381,0.034424956186180126,0.055884970493393006,0.01770532523216439,0.6622806553743792,0.6622807139863067,0.010000007450364915,0.010000045204665936,0.38655058635537687,0.9999996928071653,0.010000010623546813,0.2075823678977114,0.03442497367798161,0.610097488519038,0.999999973405063,0.8069880850020563,0.6622808239839859,0.4743627051459035,0.03701151925459441,0.06132477402399179,0.023975257175534056,0.22659826324046572,0.1517153300154903,0.03442495153566463,0.034424955957416646,0.03442495115786289
6.373947368421053,0.43861574510379453,0.4386157311142829,0.03442532723287991,0.02279898578746043,0.6461211177652845,0.6622806699254266,0.7621965187117785,0.9999998202981616,0.5822130602510813,0.6850612758616065,0.08470963776789084,0.130746633599385,0.5353685831288911,0.7715237243077344,0.010000072134366156,0.010000030512636301,0.010000017484586309,0.015099324121126988,0.0227989504720612,0.3226818377882048,0.02279912599337404,0.015099336994771005,0.022798955511702898,0.1274087828203248,0.4386157583853653,0.5219485210352618,0.13317385662476647,0.9999999808159671,0.6622806105115483,0.9999999916980601,0.9999997265846274,0.2197988633604703,0.022798881251381232,0.08160189380254651,0.36781233944706754,0.9075070197381637,0.12465164935729768,0.0683239419626564,0.6622807013946991,0.05197997846199414,0.28771973387549926,0.03442494559910032,0.02451203532686991,0.02350698657517386,0.12741208509298518,0.6348478569948848,0.06783684373045896,0.024512590062350965,0.7114752142969203,0.6875435530247901,0.6534832605572558,0.23070508317743127,0.13547920554630952,0.7506024162148803,0.43861573181081576,0.022798985355030433,0.03701153771494382,0.8272713872625739,0.4386157015825015,0.4386157373279696,0.9425427184725347,0.010000106107982269,0.2560050005536142,0.6622805081369129,0.0344248805832691,0.13747780864959872,0.02279900308245923,0.40405579591215846,0.6622808032964146,0.5344526445817039,0.4386158272695187,0.31416126856356247,0.051979394221824654,0.04061430368204865,0.9999989590499565,0.15007170839675665,0.6874642544013884,0.022798981992370345,0.022798984145880493,0.022798981351701744
6.394210526315789,0.29048674484488307,0.29048673505486466,0.02279923170895024,0.01509933034899901,0.4279135487786451,0.4386157146209228,1.0000000074585533,0.8203921615725667,0.9999999261417946,0.9999999258378411,0.056101754991059266,0.08659112166435977,0.9999999405426417,0.9999999770639776,0.015099328579467063,0.015099330109668916,0.0344249641271621,0.009999994678487119,0.015099316149213438,0.3377754154543119,0.01509942186195001,0.01000001555974492,0.015099332249269218,0.08438038011554798,0.29048675389081174,0.34567671046806697,0.12718471090830827,0.6622806909525998,0.43861567114254507,0.9999999740112285,0.999942100698245,0.1455685460494323,0.015099330695213879,0.05404339330737958,0.24359501704139738,0.999999990242651,0.08255445796818892,0.04524963231770361,0.6444707544034457,0.034425339368751216,0.19055122881220474,0.022798978276119798,0.0162338484202066,0.015568224266686167,0.08438256577092369,0.4204474855046263,0.04492703273067971,0.9999999748939385,0.9999999818235724,0.9999999733037767,0.8656352322538112,0.16575894861960777,0.8172784748282845,0.5658755571826525,0.2904867356354756,0.015099329138719163,0.024512027263630876,0.5478859140446757,0.9999999934541267,0.29048674157579507,0.6242278766220922,0.99999990321341,0.9999999868545688,0.43861560443849057,0.022798949437814478,0.09104890260567829,0.015099341527080267,0.2675983567519294,0.8572740341198783,0.35395767890093666,0.9999999584077398,0.20806296740197217,0.034424956819158255,0.026898079571493764,1.0000000028385834,0.9999998865178382,0.9999995998372817,0.015099326287351318,0.015099327238606079,0.01509932562215548
6.4144736842105265,0.4082227344585474,0.192383769079133,0.015099492798871952,0.00999999770631175,0.283398888454701,1.0000000021782627,0.6622811578258979,0.9999999985357941,0.811462376018581,0.8202120250168871,0.037155210932223334,0.05734770330288544,0.8249427948317841,0.6830193228311061,0.009999994608101729,0.009999995239626152,0.02279899016811228,0.009999991171301487,0.009999992210076787,0.2237021401417452,0.010000056678318932,0.009999993179744543,0.01000000087693421,0.05588350022133396,0.19238377455859534,0.6504980692219098,0.2380052577995171,0.9999999835018681,1.0000000035769456,0.9557373083882897,1.000000001777682,0.0964072390124302,0.0099999989149818,0.03579191608871403,0.16132828673717006,0.8785245549357732,0.054674265033345604,0.0299679611235207,0.4268205458617992,0.02279923984802175,0.12619840353206865,0.015099325428113182,0.010751364850732198,0.010310535154156015,0.05588494537414914,0.2784542566455178,0.029754306853575316,0.9999999735711734,0.7941619134429683,0.7718666184031937,0.5732936647273937,0.23308877784324986,0.541267825426436,0.6601601880907018,0.19238375957958934,0.009999994867713287,0.0162338426197662,1.0000000094308827,1.0000000061707672,0.1923837639464274,1.0000000048233988,1.000000006249859,0.777518794962567,0.29048665493421866,0.015099325013911515,0.060299933840438774,0.010000004129775041,0.17722522785709852,0.9999999983506038,0.96010514655933,0.9999999952846977,0.30193258086380015,0.022798991280645966,0.3022909558087778,0.6622807053491806,0.7049467524053482,0.8042176594818692,0.009999992753860838,0.009999993007864631,0.009999992125851682
6.434736842105263,0.2703580400746975,0.12741205803049793,0.010000109629428568,0.010000045270039145,0.18768961645007956,0.6622807141151862,0.999999984211691,0.6622807421152758,0.5374160733443512,0.543210782385774,0.035269836266447065,0.10554401606870159,0.5463437278314707,0.4523505425722872,0.015099288123547942,0.015099336445226425,0.015099338156919865,0.010000008864175692,0.010000207961846492,0.999999962236704,0.010000017015378703,0.010000056829445185,0.7673332229938385,0.03701056524222254,0.12741206199787333,0.640703302367256,0.5284124649544607,0.6622806942845306,0.6622807051186544,0.6329664148069345,0.9999998592236987,0.06384865452964575,0.010000012399879122,0.05860406271843244,0.10684461598297763,0.5818298762860266,0.0592899277268643,0.01984722749236799,0.7438194894782233,0.015099518989813609,0.21521326212588124,0.009999993747700551,0.01509932635249709,0.010000003676988002,1.0000000052190665,1.0000000087823144,0.01970570451536876,0.6622806852627051,0.9999999049789839,0.5111924870408353,0.3796814142180732,0.15437033627420307,0.7330935775951568,0.4372169050169397,0.12741205378746223,0.01509932011130767,0.015099325131895415,0.6622807084514687,0.6622807083104053,0.14309426883474316,0.6622807054409339,0.6622807082568662,0.5149356993466659,0.9999999845954196,0.009999992387819527,0.03993559487407667,0.11168909637543775,0.1969261320126663,0.999994301670303,0.6358591234408639,0.9999999355717489,0.19996412188203933,0.015099333875528474,0.33455878093469565,0.5530669800411833,0.4668726318275751,0.5326178726541658,0.0150993279216408,0.015099325739751871,0.015099329036423293
6.455,0.17905291347083066,0.08438254752874948,0.010000000026901107,0.00999999585149098,0.12430321289469426,0.742432283063403,0.924008916340959,0.9999999678731281,0.4033593000835579,0.38194324049813894,0.023358665495177434,0.06989980319526175,0.6640087240475374,0.48391257877451876,0.00999999335141118,0.010000002393640909,0.010000009591262056,0.009999991582331601,0.009999995018042655,0.6622806826193847,0.00999999305981199,0.009999995216334587,0.5081900110020549,0.0245113850481878,0.08438255094230007,0.42432556699257623,0.3499576658544923,1.0000000004561245,1.00000000050562,0.4192014663190327,0.9999999979964178,0.042285732445271854,0.00999999654310308,0.038812356336553645,0.3359236965243381,0.5109033634659078,0.039266611854256735,0.013144444328247552,0.49261729406920574,0.010000127054253427,0.14253159366054655,0.015099704222240166,0.00999999431748197,0.00999999198999181,0.6622807069318412,0.6622807208480121,0.013050708306244366,1.000000003716987,0.6690776744986322,0.37159571531662694,0.2638081124068379,0.10223652492717002,1.000000000324543,1.0000000068918473,0.0843825452202393,0.00999999122896351,0.009999992073840482,0.8803604446620689,0.43861574411771764,0.09476857563471723,0.4386157333832162,1.0000000019308335,0.3410319791485221,0.6622807439846364,0.1918951747715179,0.5127319335110503,0.9999999724500613,0.13042037676854853,1.0000000074901796,1.0000000054310612,1.0000000053235698,0.13243237923350468,0.01000000216624819,0.22157182776550138,0.36628559381441633,0.30920073586779756,0.3671190283794886,0.009999993903982735,0.009999992058631384,0.009999994414269358
6.475263157894737,0.11858329131513984,0.055884933945711875,0.010000016967591358,0.01664278181338449,0.08232362291019953,0.4916985799018116,1.0000000010193737,0.9999999121530555,0.5614366707750023,0.25295394784179354,0.022822900164405163,0.05197925148695666,0.43976017221917507,0.32048596570048893,0.015099236068245392,0.5327779827926151,0.010000018781503632,0.010000071817777288,0.01509929476850624,0.999999985345385,0.010000088409185849,0.01000082884078327,0.9999999705121385,0.016233422111842994,0.05588493675987468,0.34017749841879047,0.2710150172358572,0.9999997825108813,0.6622807039158576,0.2776290455378077,0.9999999750456824,0.604835833788456,0.03343983160572751,0.025704691290335188,0.2726673872794086,0.4320419989831711,0.044321958294451236,0.010000016463707267,0.4024451485040495,0.010000009611230704,0.09439592616374812,0.010000246005669636,0.010000052052191831,0.01000000739756202,0.8547864754530666,1.0000000068124444,0.04330406063665488,0.6622807072751937,0.6291551986717343,0.24610067354699755,0.17471502871061326,0.06770928907611637,0.6622807151800207,0.6622807184887934,0.11344875988582616,0.03442486193886319,0.022799014568467085,0.5830457336629032,0.2904867460187256,0.999999995349164,0.2904867367556623,0.6622807135188702,1.0000000027431175,0.999999989907964,0.127088471659118,0.999999997725395,0.9999999778527155,1.0000000094294126,0.6622807108243982,0.701074789717195,0.9999999638133578,0.08770741031883565,0.012632608621630041,0.32493900460676023,0.9999999342766976,0.20477768062953178,0.2431358493294571,0.0716475152983537,0.05197941409655501,0.07848536464003049
6.495526315789474,0.07853542923098981,0.03701151490082005,0.010000078745910355,0.011022204405800151,0.05452135777933913,0.39688032796142203,0.7911325311992485,0.9999999150638066,0.7433273857917353,0.25687272447371867,0.01511537311635487,0.03442488337351059,0.29124468148913196,0.21225167335803727,0.010000009863254713,0.3528485832022425,0.21839940636159447,0.009999993489296007,0.010000004896869136,0.6622807333883923,0.009999997225963652,0.010000000630211782,0.6622807114453257,0.01075109492139767,0.03701151739673251,0.22529319900606407,0.18036529308494126,0.7060635058732682,0.43861573464930936,0.2693695909169732,0.9999999677741442,0.9802580199429519,0.6020207156379292,0.01702373316918237,0.1805826488757873,0.4593858343123836,0.029353613389464482,0.01000002373599419,0.266531656554471,0.010000013272522451,0.9999999959295678,1.0000000064551724,0.010000003051727229,0.01000000192468802,0.5661086024520726,0.9999996757737732,0.02867944426584381,0.9999999990217578,0.41667735920750015,0.16298783004210857,0.11850631388898349,0.04484255934217359,0.5586076814761765,0.4390680864923478,0.07513492496607448,0.022798922192950943,0.015099347931896347,0.9999999979793437,0.19238376807582697,0.662280699416373,0.9999999918389526,0.9999999192783934,0.6622807052986032,0.9811294115128394,1.000000006455639,0.6622808710542297,0.6622807157699113,0.6622807217012354,1.0000000032187764,1.0000000064051011,0.9999999708172278,0.05808692622282919,0.010000004916411719,0.21520083257177658,0.9999998984551831,0.13562030768911473,0.17250796275533947,0.0474507672219053,0.03442496288318616,0.05197934268087534
6.515789473684211,0.052012537241174155,0.02451204345563441,0.01000009731447776,0.013041360989359575,0.036108485074819,0.2628462395492791,0.9999998379106575,0.9999997765770003,0.9676855666598713,0.41372480949614865,0.010010843287406406,0.02279897168323828,0.19288573458873287,0.14057018822412828,0.010000376929518207,0.8414430065910459,0.14464174189366674,0.010000185550997978,0.010046158377964918,0.9486136449545219,0.010000259097284275,0.010001007310526038,0.999999986125918,0.01363214024473518,0.02451205734596552,0.22039027967832633,0.13152694310007734,0.46761227770094765,0.2904867803395307,0.17839828679212993,0.9999997288367117,0.9999999356137955,0.39870693391027545,0.011274503238765271,0.3126153993868057,0.6500150228904171,0.019440392600391758,0.010000046141546346,0.2369691333736992,0.01000002931556894,0.9999999940755808,1.0000000012996872,0.010000020832530486,0.010000007263340252,0.999999981741552,0.9999999854011998,0.018993844080492088,0.6622807437306067,0.47716840221574347,0.37606790994943656,0.07848449147143813,0.07848544204526009,0.36995508956691886,0.2907863217043388,0.04976041176756158,0.015099287347964556,0.010000008659261858,0.6622807033616445,0.12741205899861693,0.4386157276967764,0.9999994854297429,0.6622807159546704,0.9999997045517078,0.9999999688229516,0.9999999828729937,0.547470509402286,0.43861575171851747,1.0000000060033807,0.9999999904479064,0.9189041319983434,0.9999999441222083,0.03846985185232786,0.010000009548935236,0.14252335870085883,0.9999999168515449,0.14021255941512625,0.11424869589330595,0.031425727927022584,0.022798988617974646,0.034424915853237745
6.536052631578947,0.03444729715034943,0.016234196675500034,0.15261197519553596,0.15844618929749799,0.023924150027261806,0.1740782305307533,0.9999993862150911,0.7218839807335514,0.9999999294651891,0.9999993373761838,0.010028428823829157,0.015099346298775546,0.12774450121765019,0.09309692352572391,0.7281862354441756,0.8854271091963882,0.7335472976491125,0.010428331443827562,0.3716706466739521,0.628248586984641,0.011052249754126038,0.015091179163495411,0.662280762811368,0.9827702291261896,0.016233885520109927,0.14596030823349182,0.08710781729838676,0.507741265081152,0.1923838035219104,0.17328770791750117,0.6622805689835174,0.7254959841565489,0.9999998050496526,0.010000007357230788,0.20703921649981816,0.9999994537464016,0.012875213859307181,0.010000078745562593,0.15694009020289335,0.010000053387256222,0.9999999987199675,1.0000000060319163,0.010000016577878091,0.010000002459252842,0.9999994207020457,0.9999999869554268,0.012579259563910178,0.9999999942262637,0.8078182986382253,0.7551374809868054,0.051978796760138626,0.0519793972556478,0.24501411898910294,0.19258217069919875,0.03295536157787603,0.00999999372856375,0.009999994674563317,0.438615732236285,0.08438254982739633,0.29048673321805035,0.9999994494749357,0.43861599576392557,0.662280515572145,0.999999987046537,1.0000000019326458,0.36257925908947125,0.2904867585083668,0.6622807087890581,0.9999999989278661,0.9575079835201499,0.9999999786626506,0.02547784377252469,0.010000058922470016,0.09439046997726439,0.9999999885283725,0.4186506240864177,0.07566471330330597,0.02081265353390994,0.015099330185871562,0.022798957645894537
6.556315789473684,0.27207846428451105,0.3333588172565174,0.34248654460705663,0.11850598417683506,0.3971462995191913,0.11528880082734168,0.9708691038440553,0.4780899747675583,0.9999997658147037,0.999999515650735,0.010000185075758726,0.010000028198959591,0.08460271889622316,0.06165629619623277,0.6159940840587803,0.8250361312525542,0.9999998904511186,0.6101452660667908,0.27017909286425806,0.41607699176163404,0.010002227072585164,0.010000480641042243,0.43861594479280863,0.65087023796354,0.010751408407172152,0.09666683477259143,0.05776408351147613,0.3362672701287862,0.12741209322467248,0.11476510769884053,0.43861566502957383,0.48048200388201306,0.6622807456375295,0.009999991754135728,0.15801416851238173,0.9999999864209762,0.01000000797919843,0.010000289224003088,0.2758350588314492,0.010000214152888466,0.9999999255152122,0.9999999877488993,0.010000001403654249,0.009999998286683295,0.6622803259316531,0.9999999216320685,0.010000007834921847,0.9999999038349369,0.9999998613283485,0.9999994787305101,0.03442457213595991,0.03442495605981795,0.16226812327507345,0.12754345526840258,0.021825701901476542,0.010000001744928244,0.009999997518040463,0.2904867382292225,0.05588493630105344,0.19238375875910413,0.9999999043685882,0.9999998809135195,0.43861561704864793,0.9999999339961059,0.9999999869294988,0.4606016194685674,0.19238378146329252,0.43861591453688153,0.999999990315865,0.6341390729734728,0.9999999839564975,0.0168734909299752,0.010000035285466365,0.06251298660577684,0.9999999338342114,0.8823696081941453,0.05011128089578903,0.013783819511684005,0.009999995169865359,0.015099310107151546
6.5765789473684215,0.18019238007203256,0.22077716919476342,0.22682227415708936,0.07848427444851648,0.2630224131862227,0.07635371391137562,0.6429878942344202,0.31662987370485873,0.6622807195962894,0.6622805425190914,0.11404829834564435,0.029381372447529235,0.05603074988762051,0.04083377585134325,0.40796103291895525,0.5464055275477124,0.662280816465027,0.40433083412246146,0.17893724703801872,0.27555981011254244,0.3671913907132814,0.2702325560497324,0.29050322787308,0.4310588694754097,0.010004536332357487,0.0640205955248446,0.03825605635717991,0.22270360799145472,0.08438260537336645,0.09779636056524772,0.29048675380488925,0.3182139648859042,0.4386157810552025,0.009999992696072338,0.3304306853119593,0.7242615870603403,0.15689795296987372,0.19493175296054788,0.2696346152086526,0.22091912054804444,0.9999999806639331,1.0000000004913798,0.010000010319415413,0.010000001353969943,0.9999997846800501,0.9999999592364385,0.010000018949301808,0.9999999597666189,0.9999999615475585,0.9999999303946787,0.022798738941627848,0.022798986303346754,0.10746704695022269,0.08446956913670384,0.014454743115346119,0.009999994399545607,0.00999999572978007,0.19238376325575246,0.03701151596317608,0.12741205137350364,0.9999997784192917,0.6622806296500119,0.2904866611773184,0.9999999451291424,0.9999999977815467,0.3911354199929972,0.14544585894539014,0.2904868569051125,0.9999999945866725,0.4199780767018267,0.9999999786054989,0.020093784541144334,0.0100001097966709,0.04140114450976498,0.8805982582859125,0.9999999914828342,0.0331877351345442,0.009999992449537913,0.009999990921565427,0.00999999191045911
6.596842105263158,0.11933808911289823,0.1462166901768785,0.15022004895939056,0.051978650249055174,0.17419475747568058,0.05056783650852019,0.42583852383407333,0.20969798649435495,0.4386158588197244,0.4386157791203107,0.0790075669659067,0.12812958245055608,0.03710842740363215,0.02704356583416261,0.2701847451542433,0.3618738480440188,0.43861614108258185,0.2677805324983166,0.11850679713089922,0.18249798153050403,0.2431838289664991,0.1789698889555062,0.1923950321475968,0.28548213254203364,0.010000174223293589,0.04239969230317446,0.12906337025562523,0.14749238548160964,0.05588505259786869,0.23285502024363994,0.19238387175480215,0.2107469724556507,0.2904867861516676,0.010156792984568038,0.21883795868256217,0.47966459663057587,0.18254397676931408,0.12910266117117586,0.20610239080849652,0.14631084589261667,0.9999999719244201,0.9999999819687497,0.2630767784138022,0.01000002874462462,0.9999999697316028,0.9999999305690654,0.010000009491596247,0.9999998421580026,0.9999999834143545,0.9999999579898174,0.015099173558742324,0.015099330443959415,0.07117335142081681,0.05594256547983203,0.009999993811213935,0.009999992764810532,0.009999994814781438,0.12741205625821952,0.02451201376426932,0.08438254330377473,0.9999999355399206,0.43861568420300256,0.19238371185139577,0.9999998980974564,0.9999999903544627,0.7021241926924375,0.09632598841600769,0.19238384116986115,0.9999999820833158,0.9999991367978638,0.9999999169855776,0.014384749033345565,0.010000317339165767,0.02741917888761171,0.915556633145746,0.9999999938293108,0.021979597132409646,0.009999995447355303,0.009999991996765495,0.009999993986276313
6.617105263157895,0.07903544062216526,0.11816492716248525,0.09948785954523909,0.034424474840934485,0.11536588164512741,0.03349036262309521,0.2820246452991314,0.3126805155956513,0.2904996666505052,0.2904870793814699,0.052358455187890535,0.08485796692778537,0.08496428713869689,0.017921326523355242,0.1789381587495461,0.23966207334363365,0.29048709525279726,0.17734589698619863,0.07848484686888112,0.12086491559668562,0.1610560031493079,0.1185283698129162,0.12742012721342458,0.1890695250395084,0.2215286704669387,0.02808065210989562,0.08547622150453685,0.15150815976455895,0.3393359582853295,0.2713413735056373,0.3200213762630368,0.13957365554081708,0.19238380489585286,0.010000695116603515,0.18176521918049357,0.3176729242510653,0.19045465736791223,0.08550225060786444,0.13649765063949135,0.09689888205416507,0.9999998782821587,0.8571239267488818,0.9999997620863443,0.01000009671051616,0.9999999326687901,0.9999999011857293,0.010000007555724342,0.9999995484704535,0.999999990489902,0.9999999784059828,0.009999998958438857,0.009999998340007891,0.047136737204629096,0.03704968144572108,0.009999996320037535,0.009999993586156613,0.009999996352292446,0.08438254921602462,0.016233835405884762,0.05588493088160145,0.7036373799152038,0.290486708969463,0.12741202260444942,0.9999998193567381,0.9999999526885738,0.49514422349959675,0.06379484718882363,0.12741210673598286,0.9999999541830694,0.9999996890742779,0.999999870242098,0.01000008049614939,0.010000170976452475,0.018159192875320855,0.7769476497084968,1.0000000027695148,0.014556663732050976,0.009999999168347378,0.00999999329605208,0.009999996825665228
6.637368421052631,0.052343766082570596,0.07965923004049107,0.0658889043331536,0.02279867769238512,0.07640464574738562,0.5028279778191973,0.1867795327051279,0.3206808383489813,0.19239240055104367,0.19238439226219098,0.14475424552643223,0.056377989474700296,0.11758455500326993,0.011870265173727216,0.11850730125105256,0.1587235711825759,0.48486618271885196,0.11745277666962632,0.05197905736460985,0.08004651855371786,0.10666431335619371,0.07849909592448318,0.13707807576732017,0.9998461933782051,0.14671426660769785,0.018597408865610215,0.05660929649957914,0.40052275906775714,0.4895564717519866,0.8040819931229144,0.4821896004690185,0.09243694037140882,0.12741208996882739,0.010000358386342523,0.12037965889900937,0.30840559996520883,0.41363095890757895,0.056626537375757714,0.09039977484285971,0.06417429031949692,0.6622806455067279,0.5676566444607324,0.999999933469941,0.3238370824272186,0.9999998904852497,0.6622809568134905,0.01000002049371948,0.6622805393914014,0.9999999129610626,0.9999998947486495,0.14121354329488353,0.009999994984321577,0.03121775153672419,0.024537288965507678,0.010000005770685678,0.009999999668244323,0.010000009912293424,0.055884937743806234,0.010751361729549887,0.03701151381062789,0.46600547282528404,0.19238375021701057,0.08438252983361279,0.6622807002576031,0.6622806898876079,0.3279244784462902,0.04225009841580269,0.08438259305716697,0.6622806926028129,0.9999807422093334,0.66228091994175,0.010000189657982151,0.010001832146373898,0.012026482860811547,0.5145575145334416,0.9999999925031916,0.017249757709492376,0.010000065684271012,0.010000033830722886,0.01000004533501744
6.657631578947369,0.034666344632040234,0.7447777160288094,0.04363695997762696,0.015099133099564245,0.050601354823069176,0.9999998525234471,0.12370048439094432,0.21238100945085883,0.12744752749716817,0.13088336124688016,0.1305274023778095,0.15840027921903058,0.10706749110318677,0.010038675558163429,0.07848510610624554,0.10511956135214086,0.9754077180818661,0.07778671529411331,0.03442476576200556,0.05301327554118123,0.0706417383201695,0.05198846657523726,0.99999935361612,0.9999998057510789,0.0971661420551337,0.012316867899751715,0.03749129170928279,0.9999998854755945,0.9999999299407526,0.532528019214386,0.9999998906082228,0.061219202828826084,0.08438257371899223,0.030298255155023778,0.07972518299421014,0.27610992827067565,0.3661814713217119,0.037502714777070546,0.05987004255909705,0.04250142790034937,0.43861569954669466,0.37594804621694233,0.9663602953466868,0.2144710683058087,0.9999995968395163,0.4386159338999349,0.010000401247119753,0.4386157483694096,0.6622808455700924,0.6622808092984395,0.14392651315722496,0.010000097195514382,0.02067491969334251,0.0162505732664034,0.010000058121938736,0.010000026781854066,0.010022145449062329,0.03701151875886998,0.010000035772871231,0.024512020550108888,0.3086264388292719,0.12741205409053938,0.055884934444677556,0.43861575497791827,0.4386157268110971,0.24909917357117045,0.02798149830030608,0.35583102502923775,0.4386157288606214,0.999999601718986,0.43861611923050353,0.0100001549899639,0.010000752670162738,0.009999990808134629,0.34078162109572724,0.6622809064775995,0.12395524831465465,0.08375830498576925,0.2850775507131568,0.07656228559800085
6.677894736842105,0.9999995170964424,0.999999932792376,0.028899935815286736,0.010000002125678772,0.5440776234544106,0.9999999649042568,0.08192444742643884,0.1406558943715806,0.08440611449420436,0.08668172712445923,0.08644590394658584,0.19176428558416744,0.07090895611467267,0.010000141844890913,0.051979175203200535,0.06961865873751774,0.760363963422554,0.051516646287763326,0.022798880274738316,0.03510967519761582,0.046784677629423156,0.034430976223432726,0.662280379449782,0.9999998726449659,0.06435134784291954,0.010000405796013322,0.0248298715436367,0.6622812522648805,0.9999999300745452,0.35268304587987137,0.6622808231742442,0.040544297523271454,0.05588495544463685,0.03163236963958133,0.05280048237357379,0.18286236335977285,0.2931894067671675,0.07848584494384941,0.07848585030778923,0.07848771483622088,0.2904867186848784,0.24898313928135588,0.640001807571436,0.14204006036519135,0.6622804887605706,0.29048688968437875,0.23385132213356155,0.2904869248244912,0.4386160022164129,0.4386159237838317,0.09532008758839854,0.07353723424193792,0.2320854914501243,0.0259270339610674,0.010000055310625937,0.010000021314346581,0.07968450434806243,0.024512017541443266,0.010000033590169655,0.016233857513913652,0.20439734084209168,0.08438255373968223,0.03701153367056828,0.2904867652355851,0.2904867357191348,0.1649739157030224,0.14584524162944212,0.3808591281537649,0.29048673693767046,0.8696273270210634,0.9908606674095242,0.010000011138638085,0.010000054207406895,0.010000138078019935,0.2256931214720871,0.43861597779116096,0.08209336139925791,0.09597674082859736,0.3660306743284621,0.1258113109925204
6.698157894736842,0.9999999836979799,0.9999999964105668,0.999999982735784,0.05496545571228725,0.9999999946450477,0.9999999861112978,0.05425698353845986,0.0931539958340396,0.055901067418990064,0.22446797371755275,0.11887730790831408,0.1511272793346766,0.29168742593164937,0.06925996807047918,0.034424806812329484,0.04610709509827127,0.5035743831508167,0.03411848629233414,0.015099272395722261,0.023252463368997337,0.030984608303209565,0.022802981240636046,0.630125769470808,0.9999999646115162,0.9999999185426022,0.010012530030328206,0.016444451061860182,0.7033034657743167,0.999999963355471,0.23357517841145098,0.43861582761054485,0.026851707343148002,0.037011543741497524,0.020949596973532714,0.0349687462161694,0.5274983331352442,0.2921811459793035,0.051979680671849014,0.05197967022123805,0.05198091203708096,0.1923837512956468,0.16489673041249056,0.42386087618873564,0.09407041551371735,0.43861560286033036,0.1923838738450423,0.45457477225775117,0.19238416170327755,0.2904870054386748,0.29048697057647827,0.08199331047446205,0.0487026422196979,0.1537063193223308,0.11194158841879062,0.010000063114246999,0.010000042549862812,0.05277373058267701,0.016233842804511487,0.010000055586432298,0.010751413655100068,0.1353684240359569,0.0558849549171111,0.024512070798067474,0.19238379029168437,0.19238376208991648,0.23016706727599293,0.253594903973736,0.2522357674302599,0.19238376258772308,0.5759374998746244,0.6562283570293573,0.010000064155144333,0.010000072091214122,0.012672740729207356,0.14947225715283277,0.2904869563454248,0.08597794135717943,0.06356379319371053,0.24241514210606704,0.08332257766044651
6.718421052631578,0.9999999706867585,0.9999999920274698,0.9999999345368996,0.9999996200118014,0.9999999788682252,0.9999999577283053,0.03593335501191441,0.7262430199586737,0.33001076115024675,0.27596186688575136,0.0901282270738612,0.10008967477584403,0.2632169002560975,0.2667187222639075,0.02279888705347798,0.030535839968630945,0.3335075976904263,0.02259602337528206,0.010000024184413281,0.015399660041267702,0.020520554740695394,0.015101982039780677,0.41732015088246793,0.9999998951657224,0.9999999905353919,0.010000605378935124,0.010890944649199671,0.4657843292397043,0.9999999771223829,0.15469233623888176,0.2904868121440747,0.0177833694736739,0.024512051409338462,0.013874554008112789,0.023159130123325773,0.8431330153356807,0.1935066096933358,0.03442515152891286,0.03442513613537268,0.03442596267630109,0.12741204798583894,0.10920792373775111,0.28071491176507174,0.06230118946219823,0.29048665886191827,0.1274121347580549,0.30105630694880176,0.1274126425560954,0.24020033070009517,0.272303426163136,0.054302827931309035,0.03225630194468645,0.13524294307159662,0.13031042723671873,0.010000103943596905,0.010000083681276717,0.20991929199297452,0.010751394922113012,0.010000279239603225,0.010000140780052012,0.08965190682573639,0.037011577201462746,0.016234058491798497,0.12741208065800613,0.12741205485684298,0.17841117798658565,0.22564061826278667,0.9999989437785523,0.12741205491057295,0.3814323483826356,0.434607540861132,0.3091717526640836,0.022793484751681605,0.03639146648247473,0.09899263811324907,0.366054152210191,0.05694168571139294,0.04209733101170206,0.27168052080726907,0.05518327886801616
6.738684210526316,0.9999999810844904,0.9999999967160272,0.9999999887538102,0.9999999931034373,0.9999999919364976,0.9999999718388211,0.023797975472337578,0.6124613444975203,0.423026537537529,0.33946858726021023,0.05971351712259602,0.06628786590633552,0.27366753406414684,0.46762557973741736,0.015099265381389913,0.020223298273165328,0.22087564940952215,0.014964920288823593,0.0100000053810305,0.010198900206740028,0.01359041941002083,0.010001758727090625,0.27638309278443973,0.9999999446032191,0.9999999864756144,0.010000948263199241,0.01000040562179114,0.30847998554857603,0.9999999775965356,0.10244975047051785,0.19238381928590223,0.18846961087671238,0.5620373653677783,0.01000006896407595,0.015337847987843801,0.727317024723643,0.13808090854504512,0.02279912312985544,0.022799106145147963,0.022799656790757586,0.08438254173260744,0.07232630120858241,0.18591208227034217,0.041260935936894214,0.19238371259097256,0.08438260249116365,0.4543876142160044,0.26004233132103066,0.24711563584692617,0.18034762473072463,0.03598149296696912,0.021363108960022296,0.0895688466355036,0.0863020965425787,0.9999998845840479,0.9999999260440179,0.13902557864858286,0.02279845732389688,0.6961927049255012,0.9999994501688249,0.059374736677197754,0.024512137743750252,0.6826355082705235,0.08438256720494486,0.0843825462621768,0.19116703939962115,0.19163172344006968,0.9999999622762378,0.08438254608706831,0.42147418124624064,0.7233987901823465,0.42948020754285865,0.01509592585150633,0.024101484674910453,0.06556094840158926,0.3346587248406629,0.03771175843058981,0.027880449258385075,0.17992883227226314,0.03654695816824842
6.758947368421053,0.9999999737710505,0.9999999862003691,0.9999999796400362,0.9999999598512,0.9999999843839227,0.999999979611518,0.3026116401744877,0.5992950393855689,0.5092964645201205,0.4206030208427422,0.04020683901064532,0.043907540001433126,0.5500838797256756,0.9577050990487709,0.009999997243234044,0.013393501546748978,0.1462817085321555,0.009999998792310278,0.009999998231506872,0.009999995473673598,0.010000016659002556,0.010000003626901795,0.18304319633958774,0.9999999205953588,0.9999999821577934,0.015345842811457825,0.12347919620883237,0.20430035199472718,0.9999999823777385,0.06785049464823573,0.1274121026837402,0.6599840126289938,0.9999999593414288,0.01736358047963136,0.010157964152399983,0.4911260763539725,0.16702759909402703,0.015099427205829208,0.015099410241917459,0.015099777599125166,0.05588492976587923,0.047900314034295136,0.12312599728629485,0.027326389128582738,0.12741202382678252,0.05588497252952172,0.9999999631806089,0.1722212392667631,0.16367532620083297,0.11945406960347774,0.023859673464857917,0.014343302690770408,0.05931981748729815,0.057156355670164166,0.9999999735825251,0.9999999873226585,0.0920866245352481,0.015099006702465315,0.4610750351950171,0.9999998730450587,0.03932274779247561,0.016233946913737148,0.45209663173888,0.05588494953306048,0.05588493268966729,0.1266065837702289,0.12691418636970225,0.9999998298707672,0.05588493245660164,0.2791342593092702,0.9999996976859965,0.8524242229030239,0.010000102280629074,0.015962130315412774,0.04341977342598396,0.2834603327535636,0.02512294798514088,0.09364886033444494,0.5669963113082882,0.14121927472270934
6.779210526315789,0.9999999450123654,0.9999999511965577,0.9999999369840844,0.9999997295071185,0.9999999527272362,0.9999999580980328,0.9999993092230897,0.9999987407991154,0.45476357334785755,0.45913846197247926,0.15297502551251665,0.20245003567023206,0.6022235488655264,0.8549710695356895,0.010000002208955068,0.009999996973901033,0.3711574929967853,0.009999996812692777,0.009999999027804398,0.009999998835743684,0.010000012202677735,0.01000001076826619,0.1212259823472856,0.9999998700371088,0.9999999593262378,0.08723043170866657,0.31028010320111354,0.13530418954025367,0.9999999740964823,0.04493607550540983,0.08438261265914583,0.496833257069868,0.9999981347508404,0.049993361186589945,0.010000000985563242,0.3252633863059767,0.2967484588437781,0.010000066688537295,0.010000049955701572,0.010000295662560887,0.037011511383874963,0.03172345403733331,0.08154399293983197,0.0411797362696901,0.08438253008186718,0.037011543050898835,0.9999999988485004,0.11405908785822205,0.2724610143105782,0.07912471743462057,0.02342838707377064,0.010593523852474116,0.039286487234621414,0.03785360396079879,0.9999999452483905,0.9999999749358094,0.9999999259239055,0.010000000184203273,0.3053611142184012,0.9999997531206283,0.026042701640204793,0.010751450869090394,0.29941500299041035,0.03701152806176524,0.03701151312038804,0.08384962014727787,0.08405321812674116,0.8491830507173959,0.03701151296916899,0.18486528300986496,0.9999997532890793,0.9999999994702297,0.0100377904866507,0.010571413307457351,0.02875609408789412,0.30529748644298493,0.02064199416779352,0.13703445117756533,0.3755166470477337,0.14871514541995923
6.799473684210526,0.9999999137533798,0.9999999554100788,0.9999997961527756,0.9999979570091517,0.9999998535366027,0.9999998894441262,0.6622802984627303,0.6622799638483788,0.30118120098251006,0.3838294529754106,0.1488370385098345,0.19801530326058786,0.3988412208982079,0.8448617014913733,0.010000001829146383,0.00999999955337552,0.24581049966141705,0.009999997716672093,0.009999998539554066,0.009999997630150267,0.010000022237271535,0.010000010892989424,0.0802856346503669,0.9999993339369955,0.9999999598430153,0.20533762609295955,0.2949240702112855,0.08960936113309446,0.999999940955078,0.03127168381218911,0.05588508858188077,0.32904318550261186,0.6622795531018134,0.4330721849269191,0.010000010952979765,0.21541567918743545,0.1965308054916015,0.010000119483291091,0.010000026170017317,0.010000061192172813,0.024512011412499674,0.021009832204787762,0.05400504717521517,0.05727679392259939,0.05588493132704089,0.024512040172622988,0.6622807842647763,0.07554455035487834,0.529483922669322,0.16082529879116053,0.015738949242127025,0.021002680890291593,0.026035746491558754,0.052778349288740777,0.9999998999261118,0.9999999602251877,0.999999918988871,0.019505561231131945,0.2022347980644361,0.7710585893442384,0.017247586940752253,0.016299960001092094,0.1982969747445101,0.024512029436071444,0.024512012205155163,0.05553687393065612,0.09981318687547008,0.9494137711594022,0.024512012540505095,0.12243282147963462,0.9999999499646873,0.6622807944150748,0.010000254654455152,0.01086463710200263,0.019044647690444273,0.9913271278174655,0.022770445514147974,0.0907552728556116,0.24869768751642182,0.0984915674143647
6.819736842105263,0.6622809842072312,0.6622809085935037,0.6622807729288603,0.6622794811045981,0.6622808876967394,0.6622809543817268,0.4386157979208651,0.4386155422145048,0.20003140665807456,0.2542031922596038,0.09857287904116974,0.13114231242108437,0.6389877146043087,0.5595357631686949,0.02443086883099115,0.03932954761118193,0.16279603860803923,0.010000294543682689,0.020392590653758983,0.010000544397198788,0.010000305983880341,0.01000044499516005,0.053172112802861146,0.662280445093133,0.6622809104484608,0.3432921639573757,0.22001306376356827,0.06851058179295494,0.6622808961859039,0.07380022001141597,0.2519948039319467,0.42245365471439705,0.43861516458260164,0.91653080689191,0.017747266979369757,0.43742636266905516,0.1301591777450681,0.03525443577750681,0.03481522450024363,0.03618208746382941,0.01623386114918283,0.026172202975374453,0.04678259199414239,0.16423760763953613,0.037011641762997705,0.01623389702888615,0.43861597200227675,0.0500987269431067,0.3582500903352392,0.29345536964677904,0.010877991963988289,0.014040503749424053,0.01729649748403803,0.0349816172494522,0.6622812243464198,0.6622809438643636,0.6622808799933798,0.9999998999849997,0.9999997668885524,0.7718868995856781,0.9999994830099987,0.9999465536443779,0.20366837659566964,0.03609995229979898,0.18042680449040852,0.1977973538426745,0.07107520035641857,0.6287785675277531,0.02145143980218264,0.3401624995143304,0.6622807569630791,0.43861597596493157,0.048883334954466603,0.013708219607030999,0.6339184920408897,0.6683762838267217,0.01512172832032035,0.9825721572829984,0.9999999093433793,0.9999996454319846
