nose,neck,right_shoulder,right_elbow,right_wrist,left_shoulder,left_elbow,left_wrist,mid_hip,right_hip,right_knee,right_ankle,left_hip,left_knee,left_ankle,right_eye,left_eye,right_ear,left_ear,left_big_toe,left_small_toe,left_heel,right_big_toe,right_small_toe,right_heel
"(nan, nan)","(nan, nan)","(nan, nan)","(nan, nan)","(nan, nan)","(nan, nan)","(nan, nan)","(nan, nan)","(nan, nan)","(nan, nan)","(3845.51, 1342.99)","(3780.65, 1490.24)","(nan, nan)","(nan, nan)","(nan, nan)","(nan, nan)","(nan, nan)","(nan, nan)","(nan, nan)","(nan, nan)","(nan, nan)","(nan, nan)","(3739.18, 1525.74)","(3721.69, 1519.52)","(3786.42, 1519.44)"
"(nan, nan)","(nan, nan)","(nan, nan)","(nan, nan)","(nan, nan)","(nan, nan)","(nan, nan)","(nan, nan)","(3845.63, 1242.79)","(3845.57, 1225.18)","(3786.59, 1366.48)","(3745.5, 1501.91)","(nan, nan)","(nan, nan)","(nan, nan)","(nan, nan)","(nan, nan)","(nan, nan)","(nan, nan)","(nan, nan)","(nan, nan)","(nan, nan)","(3704.17, 1525.38)","(3698.43, 1519.38)","(3757.17, 1525.48)"
"(3798.3, 1013.43)","(3845.59, 1084)","(3845.46, 1078)","(3845.43, 1148.78)","(3780.69, 1148.84)","(3845.61, 1078.02)","(3845.62, 1154.31)","(3798.28, 1154.65)","(3845.56, 1248.73)","(3816, 1243.03)","(nan, nan)","(nan, nan)","(3845.62, 1249.05)","(3845.59, 1390.35)","(nan, nan)","(3798.38, 1007.54)","(3845.44, 1007.56)","(nan, nan)","(3845.58, 1013.55)","(nan, nan)","(nan, nan)","(nan, nan)","(nan, nan)","(nan, nan)","(nan, nan)"
"(3780.39, 1013.47)","(3845.45, 1089.83)","(3792.35, 1095.46)","(3786.53, 1154.59)","(3739.5, 1154.84)","(3845.54, 1089.79)","(3845.56, 1166.27)","(3780.51, 1154.77)","(3845.41, 1254.58)","(3786.53, 1248.86)","(3739.05, 1384.09)","(3721.76, 1525.36)","(nan, nan)","(nan, nan)","(nan, nan)","(3774.8, 1007.47)","(3786.69, 1012.97)","(nan, nan)","(3845.48, 1019.07)","(nan, nan)","(nan, nan)","(nan, nan)","(3656.86, 1543.24)","(3651.37, 1531.4)","(3739.34, 1537.2)"
"(nan, nan)","(nan, nan)","(nan, nan)","(nan, nan)","(nan, nan)","(nan, nan)","(nan, nan)","(nan, nan)","(3816.03, 1249.07)","(nan, nan)","(nan, nan)","(nan, nan)","(3845.54, 1254.72)","(3845.57, 1390.04)","(nan, nan)","(nan, nan)","(nan, nan)","(nan, nan)","(nan, nan)","(nan, nan)","(nan, nan)","(nan, nan)","(nan, nan)","(nan, nan)","(nan, nan)"
"(3739.58, 1019.24)","(3792.05, 1095.64)","(3768.83, 1095.71)","(3786.33, 1160.44)","(3721.77, 1172.12)","(3798.53, 1095.75)","(3845.52, 1178.11)","(3745.59, 1183.87)","(3786.14, 1260.55)","(3745.51, 1260.51)","(3704.01, 1389.93)","(3704.14, 1531.24)","(3792.71, 1260.59)","(3845.44, 1390.35)","(nan, nan)","(3739.57, 1013.27)","(3751.09, 1013.23)","(nan, nan)","(3792.33, 1019.18)","(nan, nan)","(nan, nan)","(nan, nan)","(3651.31, 1560.67)","(3656.88, 1537.33)","(3733.41, 1543.14)"
"(3704, 1025)","(3751.18, 1101.44)","(3739.09, 1101.47)","(3733.44, 1178.18)","(3668.84, 1178.17)","(3780.7, 1101.52)","(3845.46, 1183.93)","(3745.1, 1201.48)","(3745.59, 1266.47)","(3733.35, 1260.65)","(3692.23, 1390.12)","(3715.77, 1531.58)","(3786.18, 1272.26)","(3757.02, 1419.37)","(3845.44, 1354.75)","(3698.47, 1013.42)","(3721.83, 1013.41)","(nan, nan)","(3751.37, 1030.87)","(3845.48, 1384.24)","(3845.51, 1384.25)","(3845.5, 1349.03)","(3657, 1566.68)","(3662.93, 1549.07)","(3739.42, 1554.92)"
"(3674.63, 1030.91)","(3704.32, 1101.45)","(3686.45, 1101.48)","(3674.65, 1172.33)","(3633.29, 1178.17)","(3745.14, 1101.49)","(3792.61, 1189.75)","(3727.69, 1213.57)","(3721.68, 1278.28)","(3692.41, 1278.17)","(3657.11, 1401.83)","(3710.08, 1531.43)","(3745.21, 1283.86)","(3733.28, 1419.37)","(3845.42, 1348.82)","(3674.57, 1019.05)","(3692.15, 1019.06)","(nan, nan)","(3727.53, 1036.87)","(3845.55, 1366.61)","(3845.53, 1372.37)","(3845.46, 1342.89)","(3656.92, 1566.73)","(3663.01, 1549.14)","(3739.42, 1548.96)"
"(3645.27, 1036.78)","(3692.25, 1101.76)","(3651.37, 1107.2)","(3651.18, 1189.9)","(3597.85, 1184.03)","(3715.93, 1101.62)","(3780.58, 1189.85)","(3698.44, 1236.98)","(3692.41, 1284.1)","(3662.86, 1284.07)","(3645.36, 1402)","(3704.23, 1531.48)","(3715.83, 1289.64)","(3657.04, 1419.38)","(3780.67, 1372.43)","(3645.22, 1019.19)","(3651.39, 1019.17)","(nan, nan)","(3697.95, 1042.65)","(3816.01, 1395.98)","(nan, nan)","(3786.32, 1348.75)","(3651.03, 1572.38)","(3656.9, 1555.04)","(3739.27, 1543.33)"
"(3609.9, 1036.84)","(3651.12, 1101.71)","(3627.47, 1107.18)","(3609.79, 1184.02)","(3557.06, 1172.27)","(3692.06, 1101.71)","(3757, 1178.22)","(3691.96, 1242.53)","(3657.11, 1278.16)","(3645.14, 1278.25)","(3639.41, 1419.37)","(3704.15, 1531.66)","(3692.01, 1278.13)","(3603.86, 1396.02)","(3739.61, 1378.22)","(3609.75, 1019.15)","(3633.48, 1019.29)","(nan, nan)","(3657.07, 1048.34)","(3786.55, 1413.64)","(3792.11, 1395.99)","(3745.27, 1354.64)","(3651.04, 1572.39)","(3657.03, 1560.79)","(3739.16, 1548.97)"
"(3580.46, 1036.73)","(3615.72, 1101.57)","(3591.97, 1101.7)","(3562.66, 1195.67)","(3521.66, 1160.48)","(3651.23, 1101.53)","(3739.21, 1172.34)","(3656.92, 1236.77)","(3639.41, 1284.15)","(3609.79, 1284.17)","(3627.6, 1430.95)","(3704.14, 1531.63)","(3656.91, 1284.11)","(3556.93, 1384.19)","(3692.49, 1384.28)","(3580.31, 1019.19)","(3598, 1019.12)","(nan, nan)","(3633.47, 1042.54)","(3733.37, 1431.15)","(3733.53, 1419.42)","(3698.47, 1372.47)","(3651.09, 1572.28)","(3657.08, 1560.68)","(3739.13, 1543.23)"
"(3551.11, 1036.74)","(3598.12, 1101.69)","(3556.94, 1101.84)","(3527.52, 1195.41)","(3504.03, 1154.4)","(3639.1, 1101.62)","(3709.9, 1160.55)","(3645.14, 1219.31)","(3604, 1278.08)","(3592.21, 1278.23)","(3604.23, 1419.44)","(3698.39, 1531.19)","(3627.56, 1272.41)","(3509.83, 1378.35)","(3610.03, 1407.64)","(3550.95, 1019.18)","(3557.22, 1019.11)","(nan, nan)","(3603.83, 1036.75)","(3650.99, 1443.07)","(3645.14, 1437.13)","(3633.42, 1390.2)","(3651.08, 1572.33)","(3657.08, 1560.76)","(3733.38, 1531.69)"
"(3515.62, 1025.12)","(3556.95, 1101.35)","(3527.35, 1101.47)","(3509.99, 1178.09)","(3480.36, 1154.69)","(3598.09, 1101.49)","(3686.5, 1154.84)","(3610.02, 1207.52)","(3562.93, 1278.06)","(3556.9, 1278.1)","(3604.01, 1431.05)","(3698.5, 1525.6)","(3580.52, 1278.18)","(3468.78, 1366.44)","(3598.1, 1425.47)","(3515.57, 1013.4)","(3539.29, 1013.48)","(nan, nan)","(3568.6, 1025.18)","(3603.84, 1472.5)","(3598.14, 1454.95)","(3604.09, 1425.18)","(3656.94, 1566.81)","(3668.69, 1560.71)","(3733.58, 1531.18)"
"(3498.04, 1019.17)","(3539.3, 1101.36)","(3504.02, 1101.39)","(3462.86, 1189.73)","(3450.96, 1142.67)","(3568.63, 1101.25)","(3651.38, 1154.56)","(3592.14, 1201.62)","(3550.64, 1260.45)","(3527.43, 1260.59)","(3592.01, 1407.62)","(3692.04, 1519.71)","(3556.66, 1254.78)","(3444.94, 1343.17)","(3556.65, 1437.51)","(3492.11, 1013.39)","(3509.5, 1013.18)","(nan, nan)","(3550.87, 1019.36)","(3545.07, 1490.29)","(3551.19, 1484.46)","(3568.75, 1437.34)","(3651.37, 1566.72)","(3662.83, 1560.67)","(3704.07, 1525.31)"
"(3462.57, 1019.22)","(3509.49, 1095.67)","(3468.49, 1101.22)","(3439.01, 1183.88)","(3415.77, 1131)","(3550.68, 1095.78)","(3639.21, 1148.83)","(3557.19, 1195.83)","(3504.14, 1254.56)","(3498.01, 1254.68)","(3562.82, 1390.42)","(3656.99, 1496.15)","(3515.62, 1254.55)","(3403.89, 1342.78)","(3503.69, 1443.06)","(3457, 1013.3)","(3474.39, 1013.15)","(nan, nan)","(3510.05, 1019.24)","(3468.54, 1502.05)","(3497.97, 1490.28)","(3510, 1443.26)","(3650.85, 1554.91)","(3651.16, 1543.29)","(3692.05, 1507.73)"
"(3427.49, 1019.07)","(3468.51, 1095.46)","(3427.28, 1095.63)","(3409.42, 1184.01)","(3403.58, 1130.96)","(3509.89, 1089.89)","(3604.02, 1148.61)","(3533.43, 1195.57)","(3462.94, 1248.86)","(3456.76, 1254.55)","(3550.85, 1384.41)","(3644.97, 1484.52)","(3486.26, 1248.71)","(3368.3, 1337.09)","(3439.11, 1472.28)","(3427.27, 1013.18)","(3450.93, 1013.16)","(nan, nan)","(3486.32, 1019.31)","(3403.89, 1507.89)","(3415.74, 1507.93)","(3456.98, 1472.62)","(3650.97, 1543.16)","(3650.99, 1537.33)","(3651.33, 1490.31)"
"(3409.51, 1013.56)","(3444.98, 1089.8)","(3403.71, 1095.5)","(3368.37, 1178.16)","(3362.62, 1136.9)","(3486.11, 1089.71)","(3580.31, 1148.64)","(3503.94, 1189.65)","(3444.97, 1248.81)","(3427.24, 1248.98)","(3509.62, 1372.36)","(3615.77, 1478.09)","(3456.57, 1248.65)","(3338.94, 1337.29)","(3368.73, 1484.12)","(3403.83, 1013.15)","(3415.54, 1013.04)","(nan, nan)","(3456.8, 1019.15)","(3327.3, 1513.66)","(3356.69, 1519.52)","(3397.86, 1490.12)","(3639.14, 1525.33)","(3645.26, 1519.46)","(3644.94, 1478.44)"
"(3368.55, 1013.36)","(3415.3, 1089.74)","(3368.64, 1089.89)","(3327.39, 1183.86)","(3333.15, 1130.91)","(3456.56, 1089.79)","(3545.12, 1148.59)","(3468.57, 1183.93)","(3409.78, 1243.06)","(3386.25, 1248.59)","(3480.23, 1378.12)","(3603.71, 1454.86)","(3427.25, 1242.97)","(3315.3, 1337.22)","(3321.1, 1490.16)","(3368.39, 1007.51)","(3386.17, 1007.55)","(nan, nan)","(3421.59, 1019.01)","(3274.06, 1519.49)","(3286.13, 1525.44)","(3333.03, 1513.65)","(3609.83, 1501.97)","(3621.67, 1496)","(3615.88, 1460.72)"
"(3338.99, 1013.32)","(3374.32, 1089.66)","(3327.36, 1083.98)","(3291.94, 1166.34)","(3309.51, 1131.05)","(3421.43, 1089.73)","(3510, 1148.65)","(3445.06, 1183.87)","(3368.63, 1248.59)","(3356.7, 1248.79)","(3444.92, 1378.22)","(3568.57, 1431.43)","(3397.88, 1243.13)","(3280.15, 1342.98)","(3274.13, 1490.13)","(3333.21, 1007.5)","(3356.74, 1007.56)","(nan, nan)","(3397.76, 1013.55)","(3221.45, 1513.73)","(3233.18, 1525.32)","(3280.25, 1507.93)","(3598.26, 1496.19)","(3603.84, 1490.27)","(3592.26, 1425.49)"
"(3315.46, 1013.17)","(3344.95, 1089.68)","(3309.36, 1083.98)","(3268.08, 1160.64)","(3285.95, 1136.99)","(3386.1, 1089.66)","(3474.4, 1154.29)","(3403.68, 1189.86)","(3350.79, 1248.79)","(3327.31, 1248.87)","(3409.44, 1384.04)","(3544.89, 1401.92)","(3362.53, 1248.7)","(3268.23, 1349.01)","(3227.31, 1495.97)","(3315.3, 1007.39)","(3321.51, 1007.45)","(nan, nan)","(3362.73, 1013.56)","(3174.38, 1507.83)","(3186.03, 1525.21)","(3238.84, 1519.51)","(3562.93, 1460.7)","(3557.18, 1449.04)","(3556.93, 1390.27)"
"(3274.49, 1013.17)","(3321.07, 1089.81)","(3274.21, 1089.77)","(3227.43, 1160.62)","(3250.67, 1136.99)","(3362.61, 1095.51)","(3450.7, 1154.77)","(3368.54, 1189.89)","(3315.63, 1248.86)","(3297.74, 1248.91)","(3362.63, 1389.84)","(3503.74, 1384.4)","(3333.08, 1248.88)","(3233.28, 1360.63)","(3191.94, 1501.84)","(3274.37, 1007.37)","(3297.72, 1007.43)","(nan, nan)","(3327.32, 1013.56)","(3132.83, 1507.76)","(3150.55, 1525.31)","(3209.42, 1525.35)","(3550.96, 1437.22)","(3550.75, 1436.99)","(3510.01, 1372.42)"
"(3250.68, 1013.46)","(3280.34, 1089.67)","(3238.94, 1072.25)","(3215.17, 1148.84)","(3215.48, 1142.88)","(3333.06, 1095.76)","(3409.65, 1160.44)","(3327.45, 1195.42)","(3274.42, 1249.05)","(3262.37, 1254.58)","(3327.19, 1390.15)","(3456.99, 1378.36)","(3309.4, 1249.08)","(3221.13, 1372.45)","(3174.21, 1513.68)","(3244.85, 1013.13)","(3268.1, 1013.01)","(nan, nan)","(3303.69, 1019.12)","(3127.1, 1519.57)","(3138.78, 1525.69)","(3179.92, 1525.66)","(3509.64, 1419.5)","(3503.74, 1413.64)","(3468.63, 1354.75)"
"(3221.37, 1019.01)","(3262.38, 1095.56)","(3215.31, 1083.99)","(3174.19, 1154.47)","(3186.03, 1148.45)","(3309.43, 1101.35)","(3368.36, 1178.01)","(3309.4, 1195.6)","(3256.68, 1249.03)","(3227.28, 1249.02)","(3285.96, 1395.88)","(3415.34, 1354.74)","(3274.18, 1254.58)","(3186.16, 1378.4)","(3156.44, 1519.69)","(3221.26, 1013.12)","(3227.39, 1013.09)","(nan, nan)","(3274.07, 1019.16)","(3097.59, 1525.58)","(3126.86, 1531.61)","(3162.48, 1531.34)","(3456.74, 1390.33)","(3450.99, 1390.14)","(3421.48, 1342.8)"
"(nan, nan)","(nan, nan)","(nan, nan)","(nan, nan)","(nan, nan)","(nan, nan)","(nan, nan)","(nan, nan)","(nan, nan)","(nan, nan)","(nan, nan)","(nan, nan)","(nan, nan)","(nan, nan)","(nan, nan)","(nan, nan)","(nan, nan)","(824.856, 819.082)","(nan, nan)","(nan, nan)","(nan, nan)","(nan, nan)","(nan, nan)","(nan, nan)","(nan, nan)"
"(3180.29, 1019.3)","(3227.07, 1095.67)","(3185.85, 1089.68)","(3191.72, 1154.39)","(3156.51, 1154.73)","(3268.44, 1101.58)","(3321.5, 1184.04)","(3250.81, 1195.49)","(3221.49, 1254.85)","(3197.63, 1254.74)","(3238.82, 1401.84)","(3362.71, 1343.29)","(3244.91, 1260.54)","(3173.98, 1378.34)","(3133.07, 1525.48)","(3180.32, 1013.5)","(3197.78, 1013.32)","(nan, nan)","(3233, 1025.02)","(3080.1, 1537.17)","(3103.54, 1549.1)","(3144.72, 1537.19)","(3409.74, 1384.14)","(3409.54, 1384.01)","(3368.63, 1337.01)"
"(3156.55, 1025.02)","(3191.81, 1101.4)","(3162.22, 1095.55)","(3150.64, 1160.36)","(3121.09, 1178.18)","(3233.17, 1101.79)","(3286.11, 1195.82)","(3215.25, 1195.66)","(3180.21, 1272.23)","(3168.04, 1266.43)","(3203.63, 1401.96)","(3315.57, 1348.83)","(3215.29, 1272.42)","(3138.73, 1390)","(3132.66, 1531.17)","(3162.19, 1019.2)","(3174.03, 1013.5)","(nan, nan)","(3209.56, 1030.88)","(3080.03, 1549.05)","(3097.53, 1566.54)","(3138.76, 1543.13)","(3362.71, 1384.07)","(3362.44, 1383.93)","(3321.46, 1337.1)"
"(3127.14, 1036.67)","(3173.87, 1101.5)","(3127.12, 1095.75)","(3126.81, 1160.47)","(3085.73, 1189.84)","(3215.13, 1107.21)","(3239.06, 1201.38)","(3168.19, 1195.65)","(3162.46, 1272.41)","(3132.81, 1266.41)","(3162.22, 1407.68)","(3268.38, 1343.21)","(3180.35, 1283.86)","(3121.12, 1390.13)","(3127.08, 1531.5)","(3127.08, 1019.2)","(3133.24, 1019.14)","(nan, nan)","(3179.81, 1042.54)","(3079.68, 1560.84)","(3086.11, 1572.39)","(3138.86, 1549.05)","(3315.43, 1384.31)","(3315.18, 1384.05)","(3274.26, 1331.24)"
"(3091.7, 1048.4)","(3132.8, 1107.26)","(3086.15, 1101.63)","(3085.65, 1189.68)","(3044.79, 1195.98)","(3174.27, 1107.59)","(3191.95, 1201.87)","(3121.18, 1195.61)","(3127.24, 1283.97)","(3097.76, 1278.23)","(3115.2, 1390.29)","(3215.37, 1348.92)","(3150.6, 1289.66)","(3085.92, 1390.41)","(3127.01, 1531.52)","(3086.09, 1024.97)","(3115.3, 1030.85)","(nan, nan)","(3144.62, 1048.44)","(3074, 1566.72)","(3085.94, 1572.58)","(3138.89, 1549.01)","(3250.68, 1384.3)","(3233.21, 1384.12)","(3221.2, 1337.27)"
"(3068.1, 1048.53)","(3097.68, 1113.22)","(3074.01, 1107.34)","(3056.44, 1189.99)","(3032.81, 1201.69)","(3133.12, 1119.28)","(3144.85, 1213.53)","(3079.82, 1196.02)","(3097.61, 1284.03)","(3079.77, 1278.23)","(3038.76, 1401.89)","(3174.11, 1354.7)","(3127.25, 1289.71)","(3080.18, 1396.01)","(3126.83, 1531.41)","(3068.02, 1036.68)","(3079.85, 1030.93)","(nan, nan)","(3115.31, 1048.65)","(3079.6, 1560.85)","(3086.04, 1566.82)","(3138.72, 1543.1)","(3197.67, 1389.92)","(3185.93, 1384.33)","(3174.25, 1343.14)"
"(3032.96, 1048.49)","(3079.79, 1107.69)","(3038.77, 1107.37)","(3038.78, 1195.55)","(3009.35, 1195.95)","(3103.6, 1113.42)","(3121.11, 1213.59)","(3033.05, 1195.9)","(3079.87, 1289.65)","(3044.68, 1283.96)","(2985.9, 1395.88)","(3126.81, 1378.07)","(3097.6, 1289.96)","(3068.19, 1401.82)","(3126.85, 1531.39)","(3032.87, 1030.84)","(3044.52, 1030.85)","(nan, nan)","(3085.73, 1048.45)","(3074.13, 1560.92)","(3086.08, 1572.4)","(3139.01, 1543.08)","(3156.55, 1396.2)","(3156.53, 1396.07)","(3127.22, 1360.58)"
"(2997.45, 1042.76)","(3038.83, 1107.38)","(3021.05, 1101.56)","(3026.8, 1189.67)","(2985.58, 1189.97)","(3079.59, 1113.4)","(3079.65, 1207.61)","(2997.51, 1183.86)","(3044.53, 1278.17)","(3026.9, 1272.23)","(2944.77, 1384.22)","(3091.61, 1384.31)","(3079.7, 1284.04)","(3039.06, 1407.81)","(3126.83, 1531.23)","(2997.47, 1025.07)","(3021, 1025.11)","(nan, nan)","(3044.62, 1048.5)","(3074.06, 1566.72)","(3086.02, 1572.64)","(3139.02, 1537.21)","(3109.33, 1437.12)","(3115.17, 1431.16)","(3115.14, 1378.17)"
"(2979.79, 1030.92)","(3015.2, 1101.58)","(2991.62, 1101.42)","(2991.86, 1189.8)","(2950.54, 1189.86)","(3038.5, 1101.72)","(3032.99, 1201.48)","(2973.8, 1166.4)","(3021.15, 1266.36)","(2991.58, 1254.88)","(2915.09, 1372.45)","(3026.94, 1384.27)","(3038.84, 1272.35)","(3038.71, 1401.86)","(3126.76, 1531.21)","(2979.62, 1019.23)","(2985.91, 1019.14)","(nan, nan)","(3026.93, 1036.84)","(3079.83, 1566.56)","(3091.9, 1572.35)","(3138.98, 1531.6)","(3026.97, 1425.34)","(3020.99, 1419.59)","(3038.54, 1378.38)"
"(2938.86, 1025.12)","(2985.87, 1101.41)","(2973.84, 1095.74)","(2962.25, 1172.2)","(2938.39, 1160.4)","(2997.53, 1101.7)","(2991.6, 1195.73)","(2932.86, 1166.26)","(2985.8, 1260.5)","(2956.35, 1254.71)","(2885.47, 1348.91)","(2991.65, 1431.06)","(3003.33, 1266.43)","(3032.68, 1401.98)","(3121.22, 1525.4)","(2938.84, 1013.5)","(2950.36, 1013.52)","(nan, nan)","(2991.51, 1030.95)","(3079.83, 1560.84)","(3091.78, 1566.63)","(3138.73, 1525.63)","(2985.52, 1466.68)","(2979.94, 1454.83)","(3009.33, 1431.05)"
"(2909.16, 1019.05)","(2950.3, 1101.28)","(2938.63, 1089.85)","(2932.74, 1154.82)","(2891.64, 1148.63)","(2973.93, 1101.63)","(2944.76, 1190)","(2897.19, 1148.71)","(2944.72, 1260.58)","(2932.58, 1254.84)","(2844.32, 1343.06)","(2944.49, 1431.47)","(2979.81, 1266.41)","(3015.13, 1396.14)","(3103.57, 1513.59)","(2903.36, 1012.96)","(2932.54, 1013.21)","(nan, nan)","(2956.35, 1025.15)","(3079.62, 1560.83)","(3091.68, 1560.69)","(3127.28, 1513.68)","(2938.39, 1478.53)","(2932.52, 1478.1)","(2968.01, 1431.42)"
"(2891.22, 1013.61)","(2926.9, 1095.73)","(2909.3, 1089.78)","(2915, 1154.89)","(2867.91, 1148.83)","(2938.34, 1101.42)","(2909.34, 1183.92)","(2856.45, 1148.49)","(2921.02, 1249.03)","(2897.38, 1248.96)","(2803.27, 1337.25)","(2897.16, 1437.34)","(2938.9, 1254.6)","(2991.54, 1384.34)","(3085.81, 1501.86)","(nan, nan)","(2897.25, 1013.15)","(nan, nan)","(2938.28, 1024.94)","(3073.94, 1560.89)","(3086.11, 1549.09)","(3109.46, 1507.72)","(2873.8, 1490.13)","(2862.13, 1484.17)","(2915.12, 1437.43)"
"(2850.16, 1013.58)","(2897.27, 1089.72)","(2891.76, 1072.24)","(2879.67, 1148.39)","(2844.28, 1107.37)","(2897.18, 1101.36)","(2885.49, 1183.85)","(2832.71, 1142.6)","(2891.53, 1248.53)","(2867.97, 1242.99)","(2767.87, 1336.97)","(2844.32, 1443.03)","(2903.34, 1248.73)","(2974.04, 1378.29)","(3079.61, 1484.08)","(2850.43, 1007.63)","(2856.27, 1013.11)","(nan, nan)","(2897.39, 1019.3)","(3073.88, 1531.62)","(3085.92, 1525.51)","(3085.9, 1484.13)","(2803.44, 1496.21)","(2803.32, 1484.56)","(2856.24, 1448.86)"
"(2815.02, 1013.2)","(2862.07, 1083.79)","(2856.31, 1066.42)","(2844.56, 1148.4)","(2803.47, 1107.39)","(2862.18, 1095.6)","(2844.54, 1172.11)","(2797.5, 1131.01)","(2850.52, 1242.91)","(2844.17, 1242.75)","(2750.11, 1337.1)","(2797.04, 1460.66)","(2873.87, 1243.1)","(2938.78, 1366.59)","(3056.42, 1472.45)","(2809.19, 1007.19)","(2838.37, 1007.53)","(nan, nan)","(2862.16, 1019.09)","(3056.36, 1525.48)","(3079.88, 1513.66)","(3079.98, 1472.4)","(2750.14, 1502.02)","(2750.18, 1490.15)","(2803.48, 1472.33)"
"(2791.49, 1013.2)","(2844.05, 1083.83)","(2844.09, 1072.19)","(2844.32, 1148.85)","(2785.58, 1125.16)","(2838.41, 1089.69)","(2803.55, 1166.35)","(2767.79, 1142.64)","(2838.3, 1242.88)","(2809.05, 1242.78)","(2709.33, 1342.77)","(2744.35, 1478.37)","(2850.06, 1242.98)","(2903.22, 1372.4)","(3032.95, 1437.42)","(nan, nan)","(2802.96, 1007.49)","(nan, nan)","(2838.59, 1013.55)","(3032.96, 1490.16)","(3050.5, 1484.06)","(3050.43, 1437.25)","(2691.31, 1519.55)","(2691.4, 1501.9)","(2756.12, 1484.24)"
"(2756.18, 1013.01)","(2803.14, 1072.26)","(2803.2, 1066.24)","(2803.05, 1148.56)","(2749.9, 1119.22)","(2797.47, 1083.98)","(2785.57, 1160.59)","(2726.74, 1136.84)","(2797.4, 1243.02)","(2779.55, 1242.93)","(2697.11, 1348.85)","(2697.29, 1484.39)","(2809.17, 1243.12)","(2879.79, 1378.26)","(3009.3, 1425.53)","(2756.04, 1007.15)","(2768.02, 1007.33)","(nan, nan)","(2803.24, 1013.37)","(3032.93, 1478.45)","(3038.78, 1454.95)","(3032.67, 1419.47)","(2638.33, 1525.28)","(2644.08, 1507.89)","(2709.03, 1502.01)"
"(2726.56, 1007.63)","(2762.15, 1072.28)","(2762.21, 1066.3)","(2767.85, 1148.56)","(2708.89, 1113.36)","(2761.96, 1083.93)","(2755.94, 1160.6)","(2703.09, 1142.57)","(2762.08, 1243.05)","(2750.34, 1243)","(2667.67, 1349.1)","(2655.94, 1484.49)","(2785.64, 1243.11)","(2844.19, 1383.96)","(2985.7, 1396.15)","(2715.11, 1001.59)","(2744.22, 1007.18)","(nan, nan)","(2767.84, 1013.12)","(3026.8, 1454.9)","(3032.76, 1437.02)","(2991.63, 1390.16)","(2608.63, 1525.21)","(2603.07, 1507.9)","(2662.06, 1507.82)"
"(2697.16, 1013.05)","(2744.33, 1078.11)","(2744.34, 1072.03)","(2756.18, 1148.92)","(2703.29, 1148.56)","(2738.54, 1089.82)","(2732.56, 1160.45)","(2697.02, 1148.7)","(2749.92, 1248.53)","(2720.76, 1243.13)","(2655.8, 1366.41)","(2614.87, 1496.05)","(2756.2, 1248.61)","(2797.48, 1384.18)","(2944.38, 1383.94)","(nan, nan)","(2703.3, 1007.33)","(nan, nan)","(2744.2, 1013.3)","(2991.37, 1431.44)","(2991.69, 1407.8)","(2944.77, 1360.57)","(2573.51, 1525.27)","(2567.85, 1513.78)","(2626.62, 1525.21)"
"(2661.76, 1013.33)","(2709.1, 1072.28)","(2708.96, 1066.41)","(2708.89, 1148.91)","(nan, nan)","(2708.91, 1089.76)","(2708.73, 1160.64)","(2655.83, 1154.58)","(2708.82, 1248.78)","(2691.41, 1248.71)","(2620.93, 1372.52)","(2602.86, 1501.87)","(2720.93, 1248.8)","(2761.94, 1389.81)","(2897.68, 1372.45)","(2661.9, 1007.37)","(2667.95, 1007.55)","(nan, nan)","(2708.81, 1013.48)","(2956.23, 1425.21)","(2962.11, 1390.33)","(2903.46, 1343.17)","(2544.06, 1525.32)","(2544.16, 1513.75)","(2608.93, 1525.4)"
"(2626.48, 1013.47)","(2673.7, 1083.84)","(2667.82, 1083.84)","(2679.63, 1160.38)","(2632.37, 1154.7)","(2679.57, 1083.96)","(2691.39, 1166.28)","(2620.92, 1160.64)","(2673.74, 1254.57)","(2656.2, 1254.59)","(2608.69, 1383.84)","(2567.97, 1507.93)","(2703.05, 1254.6)","(2726.63, 1390.22)","(2850.18, 1348.96)","(2620.92, 1007.44)","(2649.92, 1012.97)","(nan, nan)","(2673.65, 1013.59)","(2903.37, 1390.03)","(2903.35, 1378.18)","(2850.47, 1337.03)","(2520.8, 1525.7)","(2520.77, 1525.17)","(2591.2, 1525.61)"
"(2608.65, 1019.24)","(2655.9, 1089.88)","(2655.8, 1083.96)","(2655.91, 1160.33)","(2603.03, 1154.57)","(2655.76, 1095.7)","(2655.91, 1183.86)","(2585.41, 1166.49)","(2655.78, 1260.53)","(2632.34, 1260.56)","(2573.69, 1384.23)","(2562.04, 1525.24)","(2661.94, 1260.58)","(2685.41, 1396.15)","(2803.08, 1343.25)","(2608.69, 1013.26)","(2614.67, 1013.3)","(nan, nan)","(2655.77, 1019.35)","(2856.31, 1383.98)","(2856.33, 1360.63)","(2803.25, 1337.01)","(2514.85, 1537.36)","(2514.82, 1531.24)","(2573.67, 1531.46)"
"(2567.7, 1024.98)","(2614.83, 1095.77)","(2609.09, 1095.76)","(2609.12, 1160.38)","(2561.67, 1160.64)","(2614.89, 1101.47)","(2638.23, 1166.46)","(2568.05, 1201.79)","(2614.82, 1266.41)","(2608.71, 1266.34)","(2561.58, 1390.17)","(2561.94, 1531.15)","(2626.6, 1266.42)","(2650.02, 1401.78)","(2755.98, 1348.92)","(2567.62, 1013.38)","(2579.49, 1013.47)","(nan, nan)","(2615.01, 1030.91)","(2803.36, 1384.37)","(2803.39, 1372.46)","(2756.12, 1336.99)","(2514.42, 1554.87)","(2514.75, 1537.29)","(2573.68, 1543.1)"
"(2550.02, 1030.91)","(2585.26, 1101.4)","(2573.56, 1101.35)","(2573.53, 1166.24)","(2520.56, 1154.72)","(2597.04, 1101.46)","(2614.86, 1184.11)","(2561.6, 1219.42)","(2591.13, 1278.04)","(2567.76, 1272.36)","(2526.72, 1396.15)","(2562.05, 1531.59)","(2608.87, 1272.38)","(2597.03, 1413.68)","(2708.94, 1348.99)","(2555.66, 1019.33)","(2561.77, 1019.18)","(nan, nan)","(2591.21, 1042.76)","(2756.37, 1390.02)","(2761.89, 1378.25)","(2709.07, 1337.02)","(2514.45, 1560.88)","(2520.41, 1543.21)","(2579.52, 1555.01)"
"(2514.57, 1036.7)","(2561.65, 1101.46)","(2561.53, 1101.31)","(2550.11, 1172.17)","(2479.6, 1160.49)","(2561.68, 1101.7)","(2603.03, 1178.18)","(2544.04, 1236.83)","(2567.77, 1266.34)","(2567.77, 1266.33)","(2520.51, 1401.98)","(2561.72, 1531.55)","(2567.82, 1266.49)","(2520.82, 1425.15)","(2644.18, 1354.85)","(2514.77, 1019.15)","(2520.63, 1019.33)","(nan, nan)","(2561.52, 1048.52)","(2703.07, 1384.19)","(2702.99, 1378.08)","(2644.28, 1337.31)","(2502.95, 1566.56)","(2514.74, 1549.03)","(2567.96, 1554.9)"
"(2473.77, 1048.37)","(2520.85, 1107.36)","(2514.95, 1101.7)","(2520.38, 1189.85)","(2461.48, 1166.26)","(2526.64, 1107.7)","(2579.4, 1189.69)","(2520.43, 1242.63)","(2549.89, 1272.3)","(2544.18, 1272.2)","(2502.96, 1396.1)","(2561.77, 1531.54)","(2550.03, 1278.21)","(2473.82, 1407.73)","(2608.82, 1366.62)","(2473.72, 1019.33)","(2497.05, 1025.14)","(nan, nan)","(2520.84, 1048.68)","(2655.96, 1390.12)","(2655.88, 1384.22)","(2614.66, 1343.19)","(2508.62, 1566.61)","(2514.81, 1549.13)","(2573.6, 1549.02)"
"(2461.46, 1048.42)","(2491.1, 1107.21)","(2473.76, 1107.24)","(2473.48, 1195.68)","(2420.46, 1154.92)","(2514.38, 1101.8)","(2561.63, 1178.03)","(2508.82, 1237.03)","(2514.82, 1278.05)","(2514.85, 1278.2)","(2479.51, 1407.87)","(2561.82, 1531.47)","(2514.93, 1272.36)","(2426.5, 1395.91)","(2561.6, 1378.36)","(2455.77, 1036.67)","(2467.57, 1030.91)","(nan, nan)","(2491.11, 1054.19)","(2608.78, 1401.84)","(2608.69, 1390.38)","(2567.64, 1360.63)","(2508.87, 1566.54)","(2520.52, 1549.06)","(2573.68, 1543.1)"
"(2420.66, 1042.73)","(2467.77, 1101.63)","(2455.67, 1101.68)","(2438.3, 1189.77)","(2385.27, 1154.87)","(2479.37, 1101.84)","(2538.2, 1166.41)","(2479.41, 1236.74)","(2479.28, 1278.27)","(2479.36, 1278.18)","(2467.85, 1413.68)","(2561.76, 1531.28)","(2479.51, 1283.93)","(2396.82, 1384.34)","(2514.7, 1384.24)","(2420.54, 1019.36)","(2426.7, 1025.04)","(nan, nan)","(2467.76, 1048.43)","(2532.41, 1419.51)","(2526.45, 1407.68)","(2520.89, 1372.39)","(2514.74, 1560.88)","(2526.38, 1549)","(2573.78, 1537.23)"
"(2385.39, 1031)","(2426.59, 1101.39)","(2420.33, 1101.41)","(2414.62, 1195.47)","(2367.42, 1154.47)","(2449.97, 1101.41)","(2514.77, 1154.87)","(2461.74, 1213.54)","(2449.97, 1260.5)","(2449.83, 1260.45)","(2467.37, 1413.5)","(2555.87, 1525.56)","(2455.81, 1260.58)","(2361.55, 1378.07)","(2467.5, 1407.8)","(2385.22, 1019.31)","(2408.63, 1019.19)","(nan, nan)","(2426.61, 1036.89)","(2479.45, 1478.37)","(nan, nan)","(2473.48, 1395.97)","(2508.81, 1566.58)","(2514.89, 1554.88)","(2567.89, 1531.37)"
"(2367.53, 1024.99)","(2408.8, 1101.51)","(2385.15, 1101.53)","(2379.35, 1183.9)","(2332.05, 1148.69)","(2426.22, 1101.46)","(2497.04, 1154.71)","(2432.41, 1201.87)","(2420.42, 1266.47)","(2420.71, 1266.48)","(2461.51, 1413.64)","(2549.88, 1525.15)","(2420.22, 1266.37)","(2326.08, 1354.76)","(2426.49, 1431.1)","(2373.03, 1019.21)","(2373.61, 1013.47)","(nan, nan)","(2414.48, 1036.78)","(2426.45, 1478.34)","(2426.55, 1466.65)","(2438.28, 1425.4)","(2514.38, 1566.63)","(2520.54, 1555.02)","(2561.96, 1525.46)"
"(2332.12, 1024.99)","(2373.62, 1095.8)","(2361.48, 1101.36)","(2349.94, 1166.41)","(2302.81, 1125.15)","(2385.4, 1101.28)","(2467.64, 1148.78)","(2414.59, 1201.4)","(2379.23, 1260.44)","(2379.44, 1254.83)","(2432.19, 1396.07)","(2520.8, 1501.99)","(2379.15, 1260.52)","(2284.8, 1343.22)","(2385.09, 1431.57)","(2332.03, 1013.39)","(2343.94, 1013.4)","(nan, nan)","(2379.38, 1031)","(2373.44, 1484.42)","(2379.55, 1478.56)","(2414.46, 1431.43)","(2508.79, 1554.95)","(2514.48, 1543.22)","(2555.72, 1513.58)"
"(2314.34, 1019.39)","(2338.06, 1095.58)","(2326.19, 1095.59)","(2326.13, 1154.78)","(2279.15, 1148.62)","(2367.48, 1095.6)","(2444.02, 1148.52)","(2385.28, 1195.74)","(2355.7, 1248.99)","(2367.29, 1249.03)","(2420.33, 1389.84)","(2514.45, 1484.6)","(2344.08, 1249.04)","(2238.23, 1343.01)","(2337.97, 1443.32)","(2314.47, 1019.02)","(2326.18, 1013.51)","(nan, nan)","(2355.7, 1036.88)","(2320.38, 1490.26)","(2332.1, 1484.58)","(2367.54, 1448.93)","(2514.66, 1560.89)","(2514.72, 1549.17)","(2520.86, 1490.3)"
"(2279.34, 1019.19)","(2320.29, 1089.8)","(2285.37, 1095.46)","(2279.26, 1154.78)","(2244.08, 1113.43)","(2332.35, 1089.67)","(2414.7, 1142.82)","(2361.68, 1189.74)","(2326.19, 1248.74)","(2326.25, 1248.86)","(2396.91, 1383.99)","(2491.2, 1484.11)","(2326.09, 1248.68)","(2220.21, 1342.88)","(2284.79, 1472.62)","(2279.2, 1013.25)","(2290.87, 1013.31)","(nan, nan)","(2326.49, 1036.75)","(2238.13, 1513.73)","(2267.47, 1513.74)","(2302.63, 1478.34)","(2502.94, 1537.18)","(2514.68, 1531.34)","(2514.55, 1484.51)"
"(2238.24, 1019.31)","(2284.98, 1089.71)","(2255.63, 1095.5)","(2238.22, 1160.68)","(2220.33, 1130.99)","(2320.21, 1089.65)","(2379.59, 1142.71)","(2326.44, 1184.03)","(2285.23, 1242.86)","(2285.23, 1242.94)","(2367.55, 1378.16)","(2473.36, 1472.45)","(2285.31, 1242.83)","(2190.58, 1337.34)","(2232, 1478.64)","(2238.03, 1013.48)","(2255.55, 1013.31)","(nan, nan)","(2285.24, 1019.28)","(2185, 1507.87)","(2196.73, 1519.51)","(2244, 1484.58)","(2479.37, 1496.13)","(2491.12, 1490.28)","(2485.26, 1478.24)"
"(2226.14, 1019.04)","(2261.49, 1089.66)","(2237.81, 1089.84)","(2220.26, 1184.04)","(2190.97, 1125.16)","(2285, 1078.13)","(2373.15, 1148.35)","(2296.93, 1178.17)","(2273.13, 1248.56)","(2267.46, 1248.63)","(2332.18, 1378.1)","(2461.67, 1437.36)","(2273.11, 1243.04)","(2155.64, 1342.81)","(2179.17, 1484.56)","(2226.14, 1013.38)","(2232.19, 1013.16)","(nan, nan)","(2273.06, 1019.21)","(2131.86, 1513.75)","(2143.62, 1525.26)","(2190.79, 1507.73)","(2473.54, 1507.83)","(2479.31, 1496.17)","(2473.63, 1437.22)"
"(2190.68, 1019.01)","(2232, 1089.8)","(2196.83, 1095.47)","(2190.96, 1160.38)","(2161.4, 1119.28)","(2249.71, 1089.73)","(2332.28, 1148.67)","(2273.39, 1183.92)","(2232.32, 1248.64)","(2237.73, 1248.68)","(2291.03, 1378.35)","(2426.65, 1425.52)","(2237.7, 1248.64)","(2137.91, 1343.23)","(2137.55, 1490.41)","(2190.76, 1013.28)","(2196.78, 1013.16)","(nan, nan)","(2237.78, 1019.35)","(2084.79, 1519.52)","(2096.43, 1525.48)","(2143.71, 1519.48)","(2461.61, 1478.44)","(2467.33, 1478.1)","(2455.8, 1419.51)"
"(2155.45, 1013.52)","(2191.03, 1095.49)","(2179.04, 1095.7)","(2179.1, 1166.44)","(2137.82, 1136.78)","(2220.33, 1083.99)","(2296.85, 1148.53)","(2232, 1166.45)","(2196.87, 1248.68)","(2196.82, 1248.7)","(2267.36, 1384.05)","(2391.04, 1401.96)","(2196.97, 1248.68)","(2114.34, 1348.92)","(2090.93, 1502.07)","(nan, nan)","(2173.18, 1013.11)","(nan, nan)","(2196.91, 1019.38)","(2043.49, 1513.71)","(2049.54, 1525.4)","(2096.84, 1525.34)","(2438.08, 1460.75)","(2438.07, 1449.06)","(2420.31, 1396.05)"
"(2132.08, 1019.22)","(2178.96, 1095.65)","(2143.79, 1095.67)","(2143.65, 1154.55)","(2114.28, 1142.75)","(2196.75, 1095.51)","(2273.24, 1154.74)","(2196.79, 1195.51)","(2184.74, 1248.94)","(2184.81, 1248.97)","(2231.73, 1384.42)","(2361.5, 1384.22)","(2184.71, 1248.93)","(2096.39, 1354.72)","(2049.74, 1513.72)","(2137.52, 1019.05)","(2138.13, 1013.3)","(nan, nan)","(2179.04, 1024.96)","(2002.23, 1519.59)","(2014.12, 1525.67)","(2061.23, 1525.69)","(2402.71, 1431.21)","(2385.3, 1425.44)","(2373.34, 1372.39)"
"(2096.67, 1019.22)","(2143.6, 1095.47)","(2114.44, 1089.68)","(2131.96, 1154.6)","(2084.83, 1148.46)","(2167.31, 1101.21)","(2232.15, 1154.85)","(2178.95, 1189.87)","(2143.47, 1254.57)","(2138.03, 1249.06)","(2190.65, 1390.1)","(2331.93, 1378.34)","(2143.7, 1254.62)","(2073.12, 1372.47)","(2043.37, 1519.68)","(2096.77, 1013.41)","(2108.36, 1013.31)","(nan, nan)","(2143.77, 1025.13)","(1996.23, 1525.37)","(2002.4, 1531.36)","(2043.81, 1531.41)","(2373.16, 1425.21)","(2367.45, 1413.66)","(2338.07, 1354.8)"
"(2073.15, 1019.33)","(2102.75, 1095.69)","(2090.88, 1089.79)","(2102.52, 1154.63)","(2055.46, 1154.58)","(2137.72, 1101.28)","(2191.09, 1166.43)","(2114.32, 1189.64)","(2114.28, 1254.59)","(2102.58, 1249.05)","(2149.52, 1401.76)","(2284.95, 1372.34)","(2126.13, 1254.71)","(2049.29, 1378.42)","(2014.3, 1525.38)","(nan, nan)","(2090.5, 1013.54)","(nan, nan)","(2108.53, 1036.9)","(1955.47, 1531.36)","(1984.84, 1537.38)","(2031.78, 1531.51)","(2326.17, 1390.22)","(2326.02, 1390.12)","(2291.12, 1348.74)"
"(2043.5, 1030.97)","(2090.65, 1101.41)","(2055.57, 1101.21)","(2055.5, 1154.83)","(2025.93, 1166.32)","(2102.69, 1101.63)","(2149.88, 1189.93)","(2078.98, 1189.75)","(2090.4, 1260.6)","(2073.09, 1254.77)","(2108.34, 1407.77)","(2237.93, 1349.08)","(2090.91, 1266.39)","(2026.05, 1384.07)","(2002.61, 1531.18)","(nan, nan)","(2049.48, 1019.15)","(nan, nan)","(2090.47, 1042.65)","(1949.69, 1543.09)","(1967.21, 1560.84)","(2014.36, 1543.15)","(2279.18, 1390.09)","(2278.95, 1389.9)","(2249.72, 1337.18)"
"(2002.71, 1048.65)","(2049.71, 1101.75)","(2037.74, 1101.73)","(2049.49, 1172.22)","(2002.32, 1183.89)","(2078.93, 1107.22)","(2108.46, 1195.88)","(2037.84, 1195.67)","(2049.7, 1272.21)","(2043.77, 1266.41)","(2061.31, 1413.52)","(2190.75, 1354.69)","(2061.35, 1278.07)","(1996.78, 1389.83)","(1996.79, 1531.48)","(2002.62, 1042.6)","(2020.08, 1036.8)","(nan, nan)","(2049.78, 1048.57)","(1949.6, 1560.68)","(1967.08, 1566.83)","(2008.51, 1549.17)","(2232.25, 1390.05)","(2231.96, 1384.38)","(2196.79, 1337.25)"
"(1990.49, 1054.33)","(2031.91, 1107.21)","(2002.63, 1101.8)","(2008.36, 1178.15)","(1984.81, 1189.83)","(2049.4, 1107.27)","(2078.91, 1201.82)","(1996.72, 1195.85)","(2031.91, 1278.09)","(2008.28, 1266.41)","(2025.92, 1413.61)","(2143.52, 1354.71)","(2043.75, 1283.93)","(1978.77, 1390.35)","(1996.82, 1531.74)","(nan, nan)","(1996.49, 1048.33)","(nan, nan)","(2031.91, 1054.27)","(1949.45, 1560.9)","(1961.21, 1572.42)","(2014.31, 1555.02)","(2184.79, 1384.07)","(2184.72, 1383.94)","(2149.59, 1337.31)"
"(1949.53, 1054.31)","(1996.75, 1113.52)","(1984.64, 1107.69)","(1990.56, 1184.08)","(1949.46, 1195.59)","(2008.34, 1119.16)","(2037.59, 1207.71)","(1955.34, 1201.75)","(2002.2, 1284.09)","(1996.29, 1283.91)","(1996.38, 1396.19)","(2096.47, 1366.44)","(2002.78, 1289.76)","(1955.36, 1401.76)","(1996.79, 1531.62)","(nan, nan)","(1955.48, 1042.72)","(nan, nan)","(1996.71, 1054.29)","(1949.63, 1560.74)","(1961.37, 1572.31)","(2020.05, 1549.16)","(2137.8, 1390.01)","(2131.92, 1389.85)","(2096.79, 1343.07)"
"(1919.95, 1054.47)","(1967.05, 1125.12)","(1955.31, 1113.48)","(1955.5, 1201.57)","(1914.32, 1201.76)","(1984.74, 1131.07)","(1990.74, 1225.25)","(1914.09, 1201.95)","(1978.86, 1284.14)","(1967.06, 1283.85)","(1949.31, 1390.18)","(2049.66, 1372.52)","(1990.49, 1289.84)","(1937.57, 1401.93)","(1996.78, 1531.58)","(nan, nan)","(1937.61, 1048.46)","(nan, nan)","(1961.41, 1054.51)","(1949.48, 1560.92)","(1961.2, 1572.44)","(2025.94, 1548.98)","(2084.66, 1389.98)","(2073.06, 1389.88)","(2055.62, 1360.59)"
"(1896.48, 1054.54)","(1949.19, 1113.39)","(1943.51, 1107.22)","(1949.36, 1184.05)","(1902.11, 1184.06)","(1949.31, 1130.97)","(1949.27, 1225.26)","(1884.68, 1201.51)","(1949.28, 1289.98)","(1931.87, 1289.77)","(1878.74, 1396.17)","(1990.71, 1389.95)","(1955.26, 1290.23)","(1943.48, 1413.53)","(1996.8, 1531.45)","(nan, nan)","(1902.52, 1048.6)","(nan, nan)","(1943.44, 1054.44)","(1949.38, 1560.74)","(1961.23, 1572.31)","(2026.02, 1543.08)","(nan, nan)","(nan, nan)","(2002.39, 1384.05)"
"(1861.04, 1054.35)","(1908.25, 1113.38)","(1902.11, 1107.49)","(1902.29, 1189.69)","(1855.22, 1172.2)","(1914.3, 1119.25)","(1902.48, 1207.77)","(1843.49, 1195.46)","(1914.08, 1289.95)","(1902.37, 1289.71)","(1820.12, 1390.29)","(1961.24, 1384.29)","(1937.66, 1295.6)","(1908.49, 1419.44)","(1996.72, 1531.3)","(1860.85, 1042.69)","(1867.22, 1042.76)","(nan, nan)","(1908.29, 1054.29)","(1949.46, 1560.84)","(1961.12, 1572.34)","(2026.01, 1537.24)","(1984.79, 1431.21)","(1990.64, 1419.54)","(1984.78, 1372.43)"
"(1825.81, 1054.12)","(1878.85, 1113.26)","(1866.95, 1107.38)","(1861.35, 1183.99)","(1819.79, 1172.26)","(1896.32, 1113.55)","(1861.02, 1207.62)","(1813.83, 1184.04)","(1890.61, 1284.16)","(1861.42, 1278.3)","(1802.14, 1384.21)","(1908.38, 1395.87)","(1907.98, 1289.87)","(1908.01, 1413.59)","(1996.49, 1525.63)","(nan, nan)","(1843.46, 1036.79)","(nan, nan)","(1867.22, 1048.61)","(1949.7, 1555)","(1967.02, 1566.51)","(2014.34, 1531.29)","(1914.23, 1448.89)","(1914.17, 1437.42)","(1937.6, 1389.96)"
"(1807.98, 1042.72)","(1855.49, 1101.65)","(1855.4, 1101.37)","(1878.77, 1160.6)","(1807.99, 1154.85)","(1855.38, 1107.33)","(1820, 1201.44)","(1778.61, 1154.39)","(1855.19, 1278.12)","(1837.51, 1272.26)","(1760.96, 1366.55)","(1866.95, 1425.24)","(1861.4, 1283.87)","(1902.2, 1407.65)","(1996.22, 1525.57)","(nan, nan)","(1813.96, 1025.07)","(nan, nan)","(1854.97, 1048.45)","(1949.55, 1566.51)","(1961.41, 1566.77)","(2008.47, 1531.22)","(1860.97, 1466.63)","(1855.27, 1454.8)","(1890.61, 1419.58)"
"(1773.01, 1030.81)","(1825.8, 1101.31)","(1849.29, 1095.58)","(1890.47, 1148.88)","(1814.02, 1154.82)","(1813.97, 1101.79)","(1784.53, 1195.74)","(1755.1, 1148.49)","(1819.96, 1260.68)","(1813.77, 1260.55)","(1719.83, 1348.96)","(1831.67, 1436.96)","(1843.38, 1266.52)","(1884.67, 1396.19)","(1978.86, 1513.81)","(nan, nan)","(1796.29, 1019.19)","(nan, nan)","(1814.24, 1042.74)","(1949.68, 1560.89)","(1967.22, 1560.67)","(2002.27, 1519.4)","(1825.88, 1484.22)","(1819.87, 1478.54)","(1855.14, 1436.97)"
"(1749.33, 1025.09)","(1807.83, 1095.68)","(1813.85, 1095.47)","(1855.5, 1148.57)","(1813.98, 1154.76)","(1784.69, 1101.46)","(1761.05, 1189.77)","(1720.09, 1148.87)","(1802.05, 1254.74)","(1773, 1254.65)","(1684.55, 1348.77)","(1790.47, 1437.48)","(1808.31, 1254.85)","(1861.2, 1390.05)","(1955.49, 1501.93)","(nan, nan)","(1761.08, 1013.59)","(nan, nan)","(1796.43, 1036.82)","(1949.61, 1560.76)","(1967.19, 1543.15)","(1978.81, 1507.72)","(1766.98, 1507.88)","(1761.17, 1490.37)","(1808.22, 1437.43)"
"(1719.63, 1019.27)","(1767.25, 1089.83)","(1778.74, 1083.8)","(1819.99, 1131.05)","(1713.98, 1119.3)","(1761.21, 1101.28)","(1719.66, 1189.71)","(1696.25, 1131.06)","(1761.02, 1248.88)","(1749.24, 1248.84)","(1660.9, 1343.23)","(1731.52, 1466.71)","(1767.09, 1248.97)","(1843.41, 1383.85)","(1949.16, 1478.56)","(nan, nan)","(1725.59, 1013.36)","(nan, nan)","(1761.06, 1025.14)","(1949.23, 1531.39)","(1955.56, 1519.72)","(1955.4, 1478.58)","(1707.82, 1507.9)","(1707.79, 1495.99)","(1760.78, 1472.43)"
"(1684.45, 1030.89)","(1749.33, 1089.74)","(1766.89, 1078.02)","(1796.25, 1136.8)","(1690.43, 1113.47)","(1719.99, 1095.78)","(1678.74, 1172.27)","(1661.03, 1131.06)","(1731.51, 1248.96)","(1720.01, 1248.93)","(1625.78, 1343.01)","(1678.79, 1478.14)","(1743.41, 1249.01)","(1808.36, 1378.26)","(1920.01, 1454.97)","(nan, nan)","(1702.06, 1013.58)","(nan, nan)","(1725.89, 1025.04)","(1931.8, 1525.29)","(1949.39, 1501.97)","(1949.31, 1454.79)","(1637.32, 1525.38)","(1637.29, 1513.69)","(1713.63, 1478.38)"
"(1666.63, 1019.02)","(1714.03, 1095.47)","(1725.59, 1089.63)","(1796.24, 1142.77)","(1702.12, 1148.59)","(1702.13, 1101.2)","(1672.49, 1166.48)","(1625.93, 1142.78)","(1713.64, 1248.59)","(1702, 1248.52)","(1613.8, 1343.33)","(1625.75, 1484.4)","(1719.6, 1248.67)","(1778.58, 1378.32)","(1908.23, 1437.35)","(nan, nan)","(1672.57, 1013.15)","(nan, nan)","(1713.56, 1024.91)","(1925.85, 1496.11)","(1949.38, 1484.13)","(1920.15, 1437.04)","(1578.42, 1525.44)","(1578.76, 1519.43)","(1655.02, 1490.4)"
"(1625.94, 1019.35)","(1690.35, 1089.85)","(1713.87, 1089.74)","(1755.22, 1148.38)","(1655.09, 1131.01)","(1672.62, 1095.55)","(1625.71, 1172.26)","(1601.98, 1130.9)","(1672.85, 1248.78)","(1672.49, 1248.79)","(1578.67, 1348.88)","(1578.46, 1490.19)","(1678.76, 1248.76)","(1754.9, 1378.29)","(1873.02, 1425.41)","(nan, nan)","(1643.19, 1013.34)","(nan, nan)","(1672.94, 1019.38)","(1902.41, 1472.52)","(1908.21, 1448.87)","(1896.43, 1419.36)","(1531.31, 1525.54)","(1531.4, 1519.6)","(1596.1, 1513.65)"
"(1607.95, 1024.97)","(1666.57, 1095.62)","(1672.96, 1089.89)","(1719.76, 1148.72)","(1666.62, 1154.41)","(1637.45, 1101.31)","(1607.87, 1183.9)","(1578.38, 1131.08)","(1655.02, 1254.55)","(1643.34, 1249.03)","(1566.62, 1372.26)","(1531.39, 1496.16)","(1660.95, 1254.64)","(1713.82, 1384.11)","(1855.18, 1401.84)","(nan, nan)","(1619.54, 1013.35)","(nan, nan)","(1654.91, 1024.95)","(1896.42, 1443.24)","(1902.18, 1431.37)","(1861.02, 1390.36)","(1484.21, 1525.32)","(1484.32, 1519.36)","(1543.15, 1525.22)"
"(1572.73, 1019.15)","(1625.7, 1089.88)","(1649.07, 1089.86)","(1696.33, 1154.32)","(1631.59, 1160.41)","(1619.39, 1095.45)","(1578.51, 1178.07)","(1549.13, 1148.9)","(1619.85, 1248.82)","(1619.51, 1248.82)","(1531.57, 1378.27)","(1501.99, 1501.89)","(1625.6, 1248.86)","(1672.95, 1384.39)","(1814.3, 1390.12)","(nan, nan)","(1578.67, 1013.22)","(nan, nan)","(1619.62, 1019.32)","(1861.21, 1425.48)","(1861.16, 1407.65)","(1831.6, 1384.18)","(1442.98, 1525.62)","(1443.08, 1519.62)","(1519.64, 1525.34)"
"(1531.72, 1024.93)","(1590.2, 1095.53)","(1619.5, 1095.48)","(1666.51, 1154.65)","(1572.73, 1201.56)","(1578.28, 1095.64)","(1543.24, 1172.21)","(1513.83, 1148.86)","(1584.34, 1254.78)","(1578.39, 1260.43)","(1519.53, 1384.07)","(1478.35, 1519.35)","(1596.2, 1254.65)","(1637.52, 1390.14)","(1784.6, 1383.84)","(1531.67, 1013.33)","(1549.12, 1013.34)","(nan, nan)","(1578.81, 1019.35)","(1820.09, 1431.06)","(1831.71, 1401.89)","(1796.25, 1349)","(1431.02, 1525.75)","(1431.19, 1525.19)","(1484.21, 1531.14)"
"(1519.47, 1025.11)","(1572.38, 1101.28)","(1578.72, 1101.3)","(1619.9, 1166.34)","(1572.51, 1178.01)","(1543.16, 1101.4)","(1531.55, 1178.19)","(1496.2, 1166.38)","(1572.51, 1254.61)","(1572.7, 1249.04)","(1484.6, 1384.23)","(1448.86, 1525.22)","(1572.3, 1254.76)","(1607.9, 1390.32)","(1743.45, 1378.08)","(nan, nan)","(1525.6, 1013.58)","(nan, nan)","(1560.68, 1036.78)","(1796.26, 1407.69)","(1796.42, 1389.87)","(1749.3, 1348.75)","(1390.27, 1531.54)","(1396.03, 1525.59)","(1466.56, 1531.64)"
"(1484.1, 1030.82)","(1531.58, 1101.39)","(1566.72, 1101.31)","(1590.36, 1166.35)","(1537.39, 1189.97)","(1519.44, 1101.43)","(1496.21, 1183.83)","(1466.57, 1189.77)","(1531.44, 1278.05)","(1537.17, 1272.21)","(1472.29, 1395.95)","(1437.06, 1531.33)","(1531.21, 1278.25)","(1572.48, 1407.81)","(1690.45, 1348.96)","(nan, nan)","(1490.17, 1013.6)","(nan, nan)","(1525.58, 1031.01)","(1731.71, 1384.25)","(1737.42, 1372.43)","(1702.22, 1337.28)","(1384.19, 1548.96)","(1389.99, 1531.7)","(1443.2, 1548.99)"
"(1454.81, 1036.84)","(1513.63, 1101.44)","(1531.14, 1101.32)","(1555, 1172.26)","(1501.96, 1195.68)","(1484.47, 1101.65)","(1484.09, 1184.04)","(1443.12, 1189.93)","(1507.94, 1266.48)","(1525.14, 1260.62)","(1437.24, 1401.91)","(1431.18, 1537.27)","(1496.12, 1272.31)","(1525.45, 1425.27)","(1643.23, 1360.65)","(nan, nan)","(1472.28, 1019.37)","(nan, nan)","(1484.57, 1036.86)","(1696.22, 1384.32)","(1690.42, 1378.17)","(1654.99, 1342.93)","(1384.12, 1566.81)","(1384.34, 1560.77)","(1437.12, 1560.9)"
"(1430.97, 1048.43)","(1478.52, 1101.73)","(1490.31, 1101.71)","(1478.24, 1183.87)","(1419.42, 1166.41)","(1466.53, 1107.19)","(1466.73, 1189.95)","(1419.38, 1207.55)","(1484.13, 1278.08)","(1490.31, 1272.35)","(1419.55, 1413.67)","(1431.02, 1549)","(1478.26, 1278.17)","(1466.65, 1430.96)","(1607.95, 1360.73)","(nan, nan)","(1436.96, 1030.89)","(nan, nan)","(1472.41, 1048.68)","(1637.51, 1384.41)","(1643.32, 1383.89)","(1613.92, 1343.08)","(1384.22, 1572.5)","(1390.15, 1566.81)","(1431.45, 1566.82)"
"(1395.94, 1054.22)","(1443.2, 1107.48)","(1472.49, 1107.45)","(1442.97, 1183.88)","(1389.84, 1183.93)","(1431.36, 1107.47)","(1437.26, 1189.89)","(1390.17, 1236.77)","(1443.25, 1278.2)","(1460.67, 1278.11)","(1390.33, 1419.48)","(1419.57, 1543.33)","(1437.54, 1283.88)","(1425.36, 1430.98)","(1543.16, 1378.16)","(1395.89, 1048.51)","(1407.87, 1042.64)","(nan, nan)","(1437.22, 1054.2)","(1590.36, 1389.98)","(1590.28, 1384.05)","(1549.03, 1348.8)","(1372.44, 1572.54)","(1384.11, 1566.74)","(1431.25, 1566.82)"
"(1372.45, 1054.2)","(1425.37, 1113.3)","(1437.16, 1107.64)","(1401.98, 1189.91)","(1354.66, 1178.06)","(1401.84, 1113.4)","(1425.38, 1195.57)","(1378.19, 1242.68)","(1431.45, 1283.87)","(1437.51, 1283.86)","(1384.25, 1419.41)","(1425.28, 1543.26)","(1425.38, 1284)","(1378.08, 1430.97)","(1490.26, 1384)","(nan, nan)","(1384.1, 1042.54)","(nan, nan)","(1407.85, 1054.41)","(1537.39, 1396.11)","(1543.08, 1390.05)","(1496.03, 1360.73)","(1366.44, 1578.23)","(1378.37, 1572.45)","(1436.99, 1572.24)"
"(1337.2, 1054.21)","(1390.08, 1113.24)","(1407.73, 1107.73)","(1384.16, 1195.52)","(1331.25, 1178.07)","(1383.87, 1113.28)","(1401.98, 1195.44)","(1348.98, 1248.72)","(1401.88, 1283.98)","(1425.28, 1278.3)","(1354.86, 1413.56)","(1425.24, 1543.26)","(1390.3, 1284.19)","(1336.83, 1425.32)","(1460.63, 1384.34)","(nan, nan)","(1343.17, 1042.68)","(nan, nan)","(1383.99, 1054.47)","(1513.8, 1425.46)","(1519.39, 1413.57)","(1466.54, 1372.44)","(1360.58, 1578.56)","(1378.28, 1572.72)","(1436.99, 1566.71)"
"(1307.76, 1054.15)","(1360.75, 1113.35)","(1384.04, 1107.58)","(1348.88, 1195.66)","(1295.81, 1172.13)","(1348.76, 1113.6)","(1389.83, 1189.93)","(1336.99, 1243.05)","(1384.12, 1284.07)","(1390.12, 1284.09)","(1348.88, 1425.49)","(1425.17, 1537.37)","(1372.52, 1284.18)","(1284.18, 1401.94)","(1413.55, 1390.16)","(nan, nan)","(1330.95, 1042.58)","(nan, nan)","(1343.31, 1054.5)","(1443.05, 1437.07)","(1443.1, 1425.43)","(1425.46, 1383.87)","(1372.44, 1572.81)","(1384.36, 1572.54)","(1431.53, 1560.69)"
"(1289.74, 1048.54)","(1336.84, 1107.43)","(1336.95, 1107.34)","(1301.89, 1195.68)","(1248.96, 1160.4)","(1331.22, 1107.46)","(1378.16, 1183.85)","(1319.35, 1236.89)","(1348.81, 1283.99)","(1366.44, 1283.97)","(1337.23, 1425.21)","(1419.5, 1531.68)","(1342.92, 1284)","(1237.02, 1390.16)","(1354.85, 1401.96)","(nan, nan)","(1295.63, 1036.69)","(nan, nan)","(1325.37, 1054.29)","(1389.98, 1425.47)","(1378.38, 1431.21)","(1378.18, 1390.01)","(1378.06, 1578.29)","(1384.26, 1572.62)","(1437.05, 1548.98)"
"(1254.65, 1048.62)","(1296.03, 1107.42)","(1295.6, 1107.42)","(1278.17, 1189.95)","(1236.98, 1154.31)","(1301.74, 1107.33)","(1349, 1178.14)","(1295.83, 1236.82)","(1325.15, 1272.31)","(1336.89, 1272.32)","(1337.2, 1425.36)","(1419.6, 1531.28)","(1301.99, 1272.38)","(1201.75, 1384.37)","(1325.29, 1431.1)","(nan, nan)","(1272.3, 1036.76)","(nan, nan)","(1296.01, 1054.24)","(1337.12, 1484.12)","(1336.93, 1466.64)","(1342.76, 1425.22)","(1384.09, 1578.28)","(1390.25, 1572.61)","(1431.52, 1531.73)"
"(1237.05, 1030.99)","(1272.35, 1101.69)","(1266.37, 1101.65)","(1243.1, 1183.99)","(1196.01, 1148.82)","(1272.41, 1101.66)","(1331.2, 1160.48)","(1278.11, 1213.53)","(1289.92, 1266.48)","(1295.9, 1266.5)","(1307.59, 1407.81)","(1401.77, 1525.34)","(1278.18, 1266.37)","(1172.19, 1378.08)","(1284.03, 1443.18)","(nan, nan)","(1243.03, 1019.24)","(nan, nan)","(1266.38, 1048.41)","(1272.42, 1496.1)","(1284.18, 1484.55)","(1295.77, 1437.42)","(1384.22, 1566.82)","(1390.32, 1560.92)","(1425.5, 1525.62)"
"(1195.87, 1025.04)","(1242.96, 1101.55)","(1237.09, 1101.56)","(1207.64, 1160.53)","(1166.47, 1142.55)","(1248.51, 1101.6)","(1296.13, 1154.94)","(1243.14, 1201.98)","(1248.74, 1254.88)","(1260.53, 1254.86)","(1301.74, 1396.18)","(1390.12, 1525.26)","(1242.66, 1254.77)","(1131.02, 1366.55)","(1236.95, 1466.62)","(nan, nan)","(1201.84, 1013.56)","(nan, nan)","(1242.67, 1042.65)","(1201.93, 1525.18)","(1213.53, 1513.8)","(1248.83, 1466.67)","(1383.91, 1572.42)","(1389.95, 1566.58)","(1407.72, 1525.56)"
"(1172.23, 1019.28)","(1207.51, 1101.39)","(1201.49, 1101.55)","(1160.53, 1154.4)","(1142.65, 1113.54)","(1213.57, 1101.21)","(1284.01, 1154.45)","(1225.16, 1201.52)","(1207.58, 1248.92)","(1225.18, 1248.95)","(1290.02, 1390.11)","(1378.39, 1496.21)","(1201.57, 1249.01)","(1101.61, 1354.68)","(1178.07, 1484.02)","(nan, nan)","(1189.77, 1013.44)","(nan, nan)","(1207.68, 1036.79)","(1142.85, 1531.16)","(1154.41, 1531.13)","(1195.93, 1484.24)","(1372.36, 1566.58)","(1383.94, 1554.87)","(1390.12, 1513.61)"
"(1148.53, 1019.36)","(1178.14, 1101.43)","(1160.52, 1101.53)","(1160.48, 1177.99)","(1113.41, 1137)","(1189.98, 1101.28)","(1248.98, 1154.58)","(1195.95, 1195.91)","(1195.53, 1248.94)","(1201.47, 1248.99)","(1266.53, 1389.93)","(1360.61, 1484.5)","(1178.17, 1248.95)","(1066.35, 1354.85)","(1113.45, 1495.97)","(nan, nan)","(1154.48, 1013.49)","(nan, nan)","(1189.72, 1042.57)","(1066.42, 1531.4)","(1101.38, 1531.61)","(1142.83, 1507.87)","(1372.35, 1543.23)","(1384.14, 1537.25)","(1384.15, 1490.28)"
"(1107.59, 1024.94)","(1154.59, 1095.64)","(1148.6, 1101.26)","(1142.67, 1166.23)","(1101.41, 1131.03)","(1160.52, 1095.53)","(1236.78, 1154.43)","(1166.38, 1195.81)","(1154.62, 1248.69)","(1166.31, 1248.67)","(1236.87, 1383.95)","(1343.19, 1478.28)","(1148.66, 1248.72)","(1048.59, 1354.79)","(1060.49, 1502.02)","(1107.59, 1013.54)","(1119.18, 1013.44)","(nan, nan)","(1154.53, 1025.14)","(1007.49, 1531.52)","(1030.82, 1537.36)","(1089.76, 1519.67)","(1354.8, 1525.42)","(1378.09, 1519.65)","(1366.64, 1478.54)"
"(1089.74, 1019.01)","(1119.17, 1101.28)","(1107.6, 1101.26)","(1107.35, 1154.65)","(1060.41, 1125.07)","(1130.96, 1095.75)","(1195.7, 1154.38)","(1142.57, 1195.72)","(1136.76, 1248.88)","(1148.65, 1248.86)","(1201.5, 1383.93)","(1331.31, 1443.2)","(1113.29, 1248.98)","(1013.58, 1360.7)","(1013.01, 1513.81)","(nan, nan)","(1101.29, 1013.21)","(nan, nan)","(1119.13, 1025.15)","(960.313, 1531.35)","(971.986, 1537.25)","(1019.19, 1525.61)","(1342.92, 1519.5)","(1348.87, 1507.87)","(1348.78, 1443.06)"
"(1054.28, 1019.24)","(1095.47, 1095.56)","(1072.18, 1095.72)","(1083.83, 1154.75)","(1036.85, 1136.75)","(1101.53, 1095.44)","(1166.25, 1154.8)","(1101.58, 1189.93)","(1101.71, 1249.01)","(1107.7, 1248.97)","(1160.59, 1384.02)","(1301.7, 1425.28)","(1095.54, 1249.03)","(1007.03, 1360.66)","(966.126, 1519.56)","(nan, nan)","(1060.22, 1013.32)","(nan, nan)","(1095.67, 1025.18)","(913.363, 1525.63)","(924.913, 1531.52)","(972.135, 1531.22)","(1336.83, 1484.22)","(1337.19, 1478.38)","(1331.07, 1407.78)"
"(1019.05, 1019.03)","(1060.65, 1095.54)","(1054.6, 1095.46)","(1066.17, 1154.51)","(1013.32, 1136.75)","(1072.21, 1095.49)","(1136.87, 1154.86)","(1060.6, 1189.85)","(1066.22, 1248.9)","(1083.8, 1248.88)","(1142.62, 1389.81)","(1278.24, 1407.69)","(1060.25, 1248.95)","(972.254, 1378.18)","(930.828, 1525.3)","(nan, nan)","(1030.91, 1013.21)","(nan, nan)","(1060.56, 1025.15)","(871.984, 1525.44)","(883.839, 1531.46)","(942.705, 1531.6)","(1307.71, 1472.38)","(1319.37, 1460.74)","(1295.85, 1390.32)"
"(1001.34, 1024.97)","(1036.71, 1101.29)","(1019.09, 1101.22)","(1042.63, 1160.34)","(972.2, 1148.59)","(1048.63, 1095.79)","(1101.51, 1160.57)","(1036.75, 1201.43)","(1048.65, 1254.71)","(1054.62, 1254.65)","(1101.35, 1390.1)","(1242.92, 1390.18)","(1030.92, 1254.66)","(960.165, 1383.86)","(912.929, 1525.52)","(nan, nan)","(1007.43, 1013.48)","(nan, nan)","(1042.6, 1036.77)","(860.259, 1525.55)","(866.248, 1531.54)","(918.781, 1537.4)","(1284.17, 1437.22)","(1284.2, 1436.95)","(1254.66, 1384.21)"
"(960.39, 1036.77)","(1013.06, 1101.33)","(1007.52, 1101.3)","(1013.28, 1160.53)","(960.042, 1148.9)","(1013.08, 1101.37)","(1060.51, 1183.98)","(995.483, 1189.96)","(1013.33, 1254.87)","(1025.17, 1254.78)","(1060.23, 1395.88)","(1195.76, 1372.48)","(1007.27, 1254.86)","(930.865, 1384.37)","(883.802, 1531.15)","(nan, nan)","(966.323, 1019.2)","(nan, nan)","(1007.08, 1042.6)","(824.984, 1531.31)","(842.47, 1537.5)","(901.331, 1543.19)","(1248.65, 1419.52)","(1242.84, 1407.84)","(1201.9, 1348.88)"
"(925.162, 1048.39)","(972.241, 1101.61)","(966.362, 1101.62)","(971.974, 1189.74)","(919.02, 1160.34)","(983.702, 1101.7)","(1025.09, 1189.92)","(954.413, 1195.67)","(989.758, 1272.34)","(1007.23, 1272.31)","(1013.59, 1419.37)","(1148.82, 1372.38)","(971.992, 1278.02)","(913.012, 1390.4)","(871.802, 1531.66)","(nan, nan)","(948.36, 1030.87)","(nan, nan)","(966.389, 1048.37)","(824.896, 1537.48)","(830.74, 1560.66)","(872.267, 1555.05)","(1201.72, 1401.81)","(1195.98, 1395.91)","(1160.34, 1348.84)"
"(907.114, 1048.55)","(959.921, 1107.31)","(942.475, 1107.29)","(948.331, 1195.5)","(901.463, 1189.67)","(965.937, 1107.29)","(977.952, 1201.41)","(912.846, 1195.55)","(960.108, 1284.04)","(966.016, 1284.01)","(972.132, 1425.34)","(1107.58, 1366.51)","(948.414, 1284.08)","(872.105, 1396.12)","(865.956, 1549.04)","(nan, nan)","(913.154, 1030.98)","(nan, nan)","(954.151, 1048.56)","(813.082, 1572.25)","(824.609, 1572.72)","(871.865, 1572.39)","(1166.33, 1389.98)","(1160.52, 1389.85)","(1119.31, 1343.14)"
"(871.802, 1054.54)","(919.295, 1107.66)","(918.793, 1107.49)","(919.001, 1195.66)","(866.27, 1195.79)","(925.115, 1107.65)","(930.889, 1201.63)","(866.303, 1201.52)","(924.863, 1289.66)","(942.654, 1284.17)","(942.497, 1431.21)","(1060.6, 1366.56)","(918.85, 1289.72)","(860.018, 1419.44)","(865.925, 1549.12)","(nan, nan)","(877.743, 1048.47)","(nan, nan)","(913.363, 1054.15)","(807.237, 1572.71)","(824.607, 1578.51)","(872.109, 1572.24)","(1113.41, 1390.24)","(1113.25, 1390.07)","(1077.99, 1343.1)"
"(836.626, 1054.48)","(895.461, 1113.55)","(895.376, 1107.65)","(877.84, 1201.47)","(836.674, 1195.97)","(901.359, 1125.1)","(907.298, 1230.98)","(830.706, 1201.92)","(912.807, 1290.04)","(918.795, 1289.94)","(907.22, 1431.34)","(1019.17, 1372.51)","(901.231, 1290.16)","(825.15, 1419.5)","(865.836, 1549.15)","(nan, nan)","(854.321, 1048.44)","(nan, nan)","(877.767, 1054.53)","(812.844, 1572.87)","(824.727, 1578.72)","(872.086, 1572.24)","(1066.13, 1396)","(1066.16, 1390.33)","(1042.55, 1343.25)"
"(818.608, 1054.49)","(866.273, 1119.25)","(872.159, 1107.59)","(866.097, 1195.78)","(812.935, 1201.42)","(860.145, 1136.75)","(860.176, 1236.82)","(783.77, 1213.57)","(872.126, 1290.06)","(895.546, 1289.93)","(866.148, 1425.5)","(960.355, 1378.35)","(865.987, 1290.19)","(818.745, 1425.26)","(865.731, 1543.19)","(nan, nan)","(824.573, 1048.49)","(nan, nan)","(854.371, 1054.66)","(813.044, 1572.38)","(824.662, 1572.87)","(872.222, 1566.47)","(1007.27, 1395.96)","(1007.11, 1395.88)","(966.269, 1349.05)"
"(777.943, 1060.07)","(842.425, 1125.05)","(866.019, 1113.37)","(877.755, 1189.94)","(813.013, 1201.77)","(824.729, 1136.79)","(813.112, 1236.78)","(742.428, 1207.46)","(860.213, 1289.92)","(871.851, 1289.72)","(836.653, 1396.12)","(936.744, 1384.11)","(836.664, 1290.18)","(795.308, 1425.45)","(865.881, 1543.26)","(nan, nan)","(789.578, 1054.2)","(nan, nan)","(824.744, 1054.72)","(812.986, 1572.72)","(824.736, 1578.52)","(877.811, 1566.57)","(966.349, 1407.82)","(965.984, 1401.92)","(954.37, 1372.5)"
"(754.178, 1054.72)","(818.708, 1131.07)","(825.08, 1119.16)","(866.158, 1195.52)","(777.813, 1201.56)","(783.813, 1142.68)","(777.592, 1230.96)","(724.598, 1201.92)","(824.71, 1290.14)","(836.653, 1290)","(777.999, 1425.28)","(907.332, 1390)","(818.632, 1295.76)","(771.888, 1431.08)","(865.941, 1543.11)","(nan, nan)","(766.023, 1054.16)","(nan, nan)","(789.404, 1060.06)","(813.012, 1578.34)","(824.702, 1578.66)","(883.755, 1560.7)","(930.941, 1419.5)","(925.036, 1419.43)","(913.253, 1384.18)"
"(724.755, 1054.59)","(777.976, 1125.17)","(801.379, 1113.45)","(854.102, 1184.04)","(783.616, 1195.54)","(771.719, 1136.95)","(730.82, 1225.18)","(683.85, 1195.69)","(778.015, 1295.97)","(783.568, 1295.84)","(701.256, 1413.54)","(865.908, 1401.87)","(777.992, 1296.12)","(777.632, 1431.42)","(865.954, 1537.46)","(nan, nan)","(730.694, 1054.13)","(nan, nan)","(771.666, 1060.1)","(812.961, 1578.42)","(824.988, 1578.78)","(883.699, 1554.97)","(871.974, 1443)","(872.105, 1437.22)","(872.034, 1390.26)"
"(689.612, 1054.66)","(765.831, 1119.16)","(777.643, 1113.23)","(819.136, 1183.95)","(718.796, 1183.9)","(736.688, 1119.35)","(689.651, 1230.99)","(654.187, 1184.09)","(760.126, 1295.66)","(765.835, 1290.17)","(665.857, 1390.17)","(801.193, 1419.37)","(760.081, 1295.83)","(765.863, 1431.33)","(865.826, 1537.19)","(nan, nan)","(706.962, 1048.61)","(nan, nan)","(730.91, 1054.41)","(818.78, 1578.44)","(830.689, 1578.59)","(877.94, 1543.13)","(807.18, 1454.84)","(818.827, 1443.23)","(824.612, 1395.9)"
"(677.307, 1054.27)","(730.551, 1107.5)","(754.187, 1107.27)","(812.802, 1166.27)","(730.595, 1189.92)","(713.005, 1107.82)","(660.046, 1207.79)","(636.238, 1160.53)","(730.523, 1289.77)","(730.641, 1284.15)","(636.291, 1384.02)","(748.318, 1431.04)","(730.571, 1289.97)","(754.141, 1425.5)","(860.038, 1531.57)","(nan, nan)","(677.878, 1042.58)","(nan, nan)","(718.772, 1054.23)","(818.628, 1572.84)","(825.101, 1578.38)","(872.245, 1537.3)","(748.359, 1484.34)","(742.38, 1478.42)","(771.731, 1425.21)"
"(636.691, 1054.25)","(701.146, 1107.58)","(730.529, 1107.27)","(789.445, 1160.51)","(736.618, 1184.02)","(677.619, 1113.41)","(630.403, 1201.76)","(595.43, 1154.33)","(689.525, 1284.19)","(695.3, 1284.06)","(589.645, 1366.51)","(713.039, 1437.5)","(689.387, 1289.78)","(742.351, 1419.38)","(836.521, 1525.52)","(nan, nan)","(648.306, 1042.69)","(nan, nan)","(683.53, 1054.3)","(824.583, 1572.31)","(830.721, 1566.73)","(865.855, 1525.68)","(713.046, 1495.98)","(706.993, 1490.09)","(730.453, 1443.1)"
"(618.643, 1042.75)","(677.513, 1107.21)","(701.152, 1101.55)","(771.645, 1154.67)","(701.186, 1189.98)","(636.71, 1107.77)","(589.339, 1201.47)","(583.292, 1142.77)","(671.551, 1266.56)","(677.387, 1260.53)","(559.842, 1366.47)","(665.906, 1466.63)","(659.892, 1278.26)","(724.627, 1396.16)","(819.053, 1519.63)","(nan, nan)","(630.218, 1025.11)","(nan, nan)","(653.998, 1054.18)","(807.197, 1566.64)","(824.579, 1560.71)","(830.76, 1525.2)","(642.191, 1519.6)","(642.283, 1513.57)","(677.87, 1472.48)"
"(589.106, 1048.49)","(642.275, 1101.65)","(677.755, 1101.44)","(748.326, 1154.58)","(683.594, 1172.19)","(618.747, 1107.21)","(548.188, 1195.5)","(542.393, 1142.57)","(636.173, 1272.32)","(636.372, 1266.4)","(536.082, 1360.54)","(618.684, 1478.32)","(630.771, 1278.2)","(707.082, 1395.95)","(801.345, 1507.72)","(nan, nan)","(589.603, 1030.84)","(nan, nan)","(630.484, 1048.5)","(789.494, 1543.28)","(818.752, 1537.24)","(818.943, 1507.9)","(583.128, 1525.56)","(583.182, 1519.62)","(630.72, 1478.61)"
"(559.798, 1042.69)","(618.664, 1101.72)","(648.235, 1101.65)","(724.553, 1154.63)","(654.149, 1178.01)","(583.176, 1107.19)","(530.208, 1189.66)","(506.981, 1136.92)","(618.829, 1260.53)","(636.459, 1254.68)","(495.369, 1360.62)","(548.273, 1484.48)","(589.497, 1266.42)","(677.341, 1384.44)","(777.872, 1484.35)","(nan, nan)","(577.333, 1024.98)","(nan, nan)","(589.637, 1048.48)","(777.567, 1531.34)","(783.646, 1525.65)","(807.234, 1484.58)","(512.752, 1531.26)","(518.743, 1525.55)","(577.631, 1496.12)"
"(535.968, 1030.92)","(589.036, 1101.58)","(630.184, 1101.28)","(683.442, 1154.37)","(618.68, 1172.14)","(542.428, 1107.31)","(489.239, 1189.93)","(512.85, 1119.37)","(583.566, 1254.84)","(589.565, 1254.57)","(483.345, 1366.57)","(500.968, 1496.02)","(577.458, 1260.66)","(636.287, 1384.38)","(771.996, 1472.51)","(nan, nan)","(536.59, 1013.61)","(nan, nan)","(577.33, 1042.74)","(777.68, 1525.52)","(783.723, 1513.66)","(789.553, 1466.46)","(447.895, 1531.42)","(453.778, 1525.5)","(530.271, 1513.79)"
"(495.377, 1031.01)","(553.96, 1101.64)","(589.452, 1101.45)","(671.514, 1154.52)","(589.37, 1178.07)","(524.499, 1101.69)","(453.985, 1195.6)","(489.312, 1131.01)","(548.175, 1260.45)","(571.583, 1249.05)","(448.187, 1378.25)","(453.808, 1513.61)","(542.178, 1266.34)","(606.932, 1390.01)","(748.269, 1443.13)","(nan, nan)","(506.963, 1019.06)","(nan, nan)","(541.968, 1036.89)","(772.076, 1507.91)","(777.931, 1484.45)","(771.722, 1437.21)","(400.659, 1537.23)","(401.035, 1531.2)","(477.316, 1525.47)"
"(477.29, 1019.35)","(535.996, 1101.51)","(577.411, 1101.74)","(636.144, 1154.7)","(571.62, 1178.14)","(489.111, 1101.47)","(441.882, 1195.57)","(453.841, 1184)","(536.119, 1254.86)","(548.157, 1254.7)","(436.264, 1384.02)","(406.813, 1519.51)","(506.793, 1260.62)","(577.43, 1390.1)","(724.42, 1431.01)","(nan, nan)","(488.946, 1013.3)","(nan, nan)","(507.013, 1030.99)","(748.345, 1478.39)","(754.216, 1460.76)","(730.535, 1419.44)","(353.925, 1537.17)","(359.635, 1531.18)","(424.505, 1531.18)"
"(442.082, 1030.81)","(495.084, 1101.62)","(536.494, 1101.65)","(595.302, 1160.5)","(536.36, 1189.78)","(448.15, 1101.57)","(400.935, 1195.56)","(436.185, 1166.27)","(495.433, 1254.69)","(530.316, 1248.97)","(406.913, 1389.86)","(389.09, 1525.24)","(488.972, 1254.79)","(535.979, 1395.87)","(677.859, 1401.94)","(nan, nan)","(448.031, 1013.51)","(nan, nan)","(483.42, 1036.75)","(724.922, 1454.95)","(730.41, 1437.13)","(683.669, 1390.21)","(312.593, 1537.3)","(324.277, 1531.18)","(395.062, 1531.56)"
"(412.721, 1036.69)","(477.327, 1101.71)","(506.945, 1107.19)","(571.534, 1166.29)","(500.966, 1189.83)","(441.812, 1101.61)","(388.922, 1195.45)","(394.89, 1154.61)","(471.476, 1272.21)","(489.349, 1260.68)","(394.789, 1395.96)","(353.599, 1525.7)","(448.047, 1272.41)","(495.005, 1401.94)","(636.515, 1390.19)","(nan, nan)","(436.08, 1019.13)","(nan, nan)","(453.976, 1048.45)","(683.444, 1431.46)","(683.572, 1419.55)","(642.411, 1383.99)","(300.671, 1537.36)","(306.452, 1531.31)","(359.732, 1543.08)"
"(389.189, 1031.01)","(442.282, 1101.7)","(488.967, 1101.78)","(530.51, 1178.02)","(465.65, 1184.05)","(400.779, 1101.74)","(353.635, 1195.65)","(371.556, 1160.47)","(442.293, 1272.3)","(465.638, 1266.51)","(371.48, 1390.4)","(341.856, 1531.48)","(424.332, 1272.36)","(448.211, 1419.59)","(595.424, 1384.25)","(nan, nan)","(400.598, 1019.06)","(nan, nan)","(430.414, 1048.38)","(642.466, 1419.62)","(642.353, 1396.17)","(612.817, 1366.62)","(265.544, 1554.95)","(283.052, 1537.34)","(347.879, 1560.77)"
"(354.001, 1048.52)","(406.892, 1107.36)","(448.238, 1107.38)","(495.023, 1189.97)","(442.017, 1201.47)","(371.408, 1107.28)","(342.058, 1195.75)","(324.306, 1178.19)","(406.968, 1278.2)","(441.953, 1272.34)","(348.119, 1401.93)","(312.464, 1537.32)","(395.026, 1278.26)","(412.621, 1425.34)","(553.902, 1384.03)","(nan, nan)","(371.371, 1030.98)","(nan, nan)","(395.256, 1054.18)","(595.115, 1407.7)","(595.225, 1390.17)","(559.848, 1366.52)","(259.603, 1560.72)","(271.39, 1543.2)","(318.549, 1566.65)"
"(336.046, 1048.5)","(389.181, 1107.51)","(430.419, 1107.46)","(448.233, 1195.47)","(395.2, 1189.99)","(347.694, 1107.55)","(306.711, 1201.5)","(300.778, 1201.45)","(394.826, 1284.02)","(412.592, 1284.09)","(318.511, 1413.54)","(306.862, 1543.19)","(359.799, 1284.13)","(353.609, 1425.36)","(495.228, 1384.11)","(nan, nan)","(347.572, 1030.93)","(nan, nan)","(359.686, 1054.2)","(542.221, 1395.92)","(542.176, 1389.87)","(501.007, 1372.31)","(259.569, 1572.67)","(265.616, 1572.27)","(318.478, 1572.34)"
"(301.016, 1054.33)","(353.834, 1107.62)","(395.226, 1107.7)","(406.953, 1201.41)","(389.051, 1242.69)","(306.842, 1107.57)","(300.513, 1195.88)","(259.803, 1242.87)","(354.072, 1283.95)","(394.643, 1284.06)","(306.742, 1425.2)","(306.85, 1554.92)","(341.975, 1278.25)","(306.678, 1431.3)","(447.917, 1384.23)","(nan, nan)","(306.886, 1048.4)","(nan, nan)","(341.951, 1054.41)","(494.957, 1401.82)","(489.408, 1390.23)","(448.103, 1366.57)","(259.465, 1578.28)","(265.54, 1572.56)","(318.598, 1572.73)"
"(265.515, 1054.64)","(336.02, 1113.34)","(365.664, 1113.47)","(388.971, 1201.43)","(318.374, 1207.52)","(294.848, 1107.74)","(265.568, 1195.69)","(253.802, 1248.57)","(347.585, 1289.9)","(359.897, 1289.97)","(301.012, 1431.06)","(306.614, 1560.83)","(306.968, 1289.93)","(259.538, 1431.46)","(394.992, 1390.02)","(nan, nan)","(277.349, 1054.09)","(nan, nan)","(306.776, 1054.57)","(447.961, 1425.36)","(447.839, 1413.68)","(394.965, 1378.26)","(253.761, 1578.49)","(259.829, 1572.71)","(318.351, 1578.21)"
"(247.92, 1054.59)","(300.973, 1119.37)","(341.895, 1119.27)","(353.527, 1195.81)","(247.857, 1183.97)","(259.812, 1119.2)","(253.792, 1201.63)","(218.35, 1254.65)","(306.917, 1289.92)","(342.033, 1290.03)","(294.806, 1425.5)","(306.666, 1560.93)","(294.816, 1289.92)","(212.341, 1431.36)","(348.02, 1396.02)","(nan, nan)","(253.933, 1054.11)","(nan, nan)","(283.213, 1054.72)","(395.087, 1431.22)","(394.828, 1431.06)","(353.805, 1384.29)","(253.832, 1578.67)","(265.444, 1578.22)","(312.752, 1572.86)"
"(212.473, 1054.59)","(265.365, 1119.26)","(300.962, 1125.04)","(294.736, 1201.58)","(206.696, 1183.94)","(241.792, 1119.19)","(236.128, 1201.47)","(206.559, 1248.77)","(294.744, 1289.95)","(306.944, 1290.09)","(253.781, 1425.29)","(306.398, 1560.7)","(259.826, 1289.97)","(165.512, 1431.03)","(306.829, 1396.08)","(nan, nan)","(218.522, 1054.14)","(nan, nan)","(253.775, 1054.71)","(353.558, 1437.41)","(348.022, 1437.08)","(318.394, 1384.29)","(259.334, 1578.42)","(265.638, 1572.7)","(312.483, 1572.7)"
"(194.749, 1054.73)","(253.452, 1125.03)","(271.375, 1125.17)","(247.798, 1195.58)","(171.284, 1154.77)","(212.685, 1119.29)","(218.545, 1195.93)","(171.343, 1248.64)","(259.33, 1289.9)","(288.84, 1289.99)","(247.814, 1430.99)","(306.505, 1549.14)","(236.048, 1289.95)","(118.565, 1419.58)","(259.666, 1419.39)","(nan, nan)","(206.216, 1054.21)","(nan, nan)","(218.455, 1060.16)","(294.834, 1448.95)","(289.01, 1443.16)","(288.865, 1390.25)","(253.861, 1578.59)","(265.407, 1572.83)","(318.629, 1572.31)"
"(159.729, 1054.55)","(212.366, 1113.48)","(247.681, 1113.37)","(194.822, 1189.9)","(141.899, 1154.51)","(183.058, 1113.59)","(200.626, 1195.51)","(153.705, 1248.56)","(218.332, 1289.75)","(253.428, 1289.79)","(230.239, 1419.5)","(301.038, 1537.36)","(206.318, 1289.86)","(100.52, 1390.04)","(206.813, 1425.5)","(nan, nan)","(165.505, 1054.13)","(nan, nan)","(200.708, 1060.08)","(212.525, 1472.59)","(212.595, 1454.86)","(218.477, 1413.62)","(259.611, 1578.58)","(277.223, 1578.34)","(312.802, 1560.76)"
"(135.934, 1054.17)","(188.891, 1107.65)","(206.831, 1107.65)","(159.69, 1160.47)","(118.115, 1148.42)","(165.475, 1107.72)","(200.542, 1184.01)","(130.084, 1236.91)","(206.384, 1284.03)","(218.29, 1284.04)","(218.331, 1430.92)","(300.551, 1531.65)","(177.078, 1284.08)","(65.2234, 1384.33)","(171.261, 1448.93)","(nan, nan)","(147.687, 1042.59)","(nan, nan)","(165.417, 1054.34)","(171.195, 1502.07)","(171.253, 1490.28)","(206.291, 1437.45)","(259.669, 1578.56)","(283.168, 1572.78)","(306.679, 1549.1)"
"(112.181, 1054.29)","(159.547, 1107.31)","(171.393, 1107.34)","(118.487, 1160.43)","(82.9799, 1142.59)","(147.671, 1107.43)","(165.296, 1178.14)","(112.387, 1225.19)","(165.241, 1278.25)","(188.809, 1283.87)","(206.75, 1401.88)","(294.812, 1525.67)","(147.685, 1278.22)","(15.0316, 1378.39)","(124.081, 1472.59)","(nan, nan)","(112.642, 1042.66)","(nan, nan)","(153.324, 1054.37)","(112.35, 1519.61)","(117.996, 1513.66)","(153.642, 1472.55)","(265.502, 1578.35)","(289.045, 1572.52)","(306.427, 1531.57)"
"(71.4379, 1048.51)","(124.085, 1101.72)","(147.619, 1101.59)","(112.224, 1154.66)","(65.4335, 1130.95)","(112.438, 1107.16)","(153.479, 1160.47)","(76.9482, 1207.75)","(130.178, 1254.83)","(159.369, 1260.51)","(200.708, 1395.99)","(277.283, 1525.35)","(118.122, 1254.81)","(15.0941, 1348.92)","(71.3701, 1478.63)","(nan, nan)","(77.3033, 1030.92)","(nan, nan)","(112.442, 1048.56)","(47.4983, 1531.46)","(65.1006, 1531.28)","(106.58, 1484.05)","(259.76, 1572.81)","(277.291, 1572.48)","(300.592, 1525.71)"
"(59.2619, 1042.76)","(100.53, 1101.7)","(112.171, 1101.56)","(106.397, 1160.57)","(nan, nan)","(82.8855, 1101.82)","(118.406, 1160.57)","(65.0514, 1201.83)","(112.174, 1254.69)","(118.376, 1254.71)","(171.314, 1390.16)","(259.779, 1502.05)","(88.7617, 1254.67)","(15.1263, 1348.77)","(15.0635, 1484.58)","(nan, nan)","(65.109, 1025.08)","(nan, nan)","(76.9804, 1048.36)","(15.0495, 1490.32)","(nan, nan)","(nan, nan)","(265.401, 1560.83)","(283.119, 1549.15)","(283.145, 1513.77)"
"(15.0421, 1042.68)","(65.2523, 1101.46)","(71.1851, 1101.31)","(65.4193, 1166.3)","(15.0386, 1195.79)","(59.2043, 1101.75)","(106.243, 1154.83)","(12.1821, 1201.88)","(76.9377, 1249.04)","(100.672, 1254.56)","(153.456, 1384.34)","(253.67, 1484.44)","(65.2774, 1248.98)","(15.1247, 1336.84)","(nan, nan)","(nan, nan)","(15.0192, 1019.3)","(nan, nan)","(59.4102, 1042.54)","(nan, nan)","(nan, nan)","(nan, nan)","(259.815, 1543.19)","(277.277, 1537.25)","(259.8, 1490.36)"
"(nan, nan)","(nan, nan)","(nan, nan)","(nan, nan)","(nan, nan)","(12.1856, 1101.65)","(70.9421, 1160.52)","(15.0563, 1195.86)","(nan, nan)","(nan, nan)","(nan, nan)","(nan, nan)","(nan, nan)","(nan, nan)","(nan, nan)","(nan, nan)","(nan, nan)","(nan, nan)","(nan, nan)","(nan, nan)","(nan, nan)","(nan, nan)","(nan, nan)","(nan, nan)","(nan, nan)"
"(15.0799, 1042.61)","(nan, nan)","(nan, nan)","(nan, nan)","(nan, nan)","(nan, nan)","(nan, nan)","(nan, nan)","(nan, nan)","(nan, nan)","(nan, nan)","(nan, nan)","(nan, nan)","(nan, nan)","(nan, nan)","(nan, nan)","(15.072, 1025.07)","(nan, nan)","(nan, nan)","(nan, nan)","(nan, nan)","(nan, nan)","(nan, nan)","(nan, nan)","(nan, nan)"
"(15.1549, 1054.31)","(15.1274, 1101.23)","(15.1063, 1101.44)","(15.0583, 1160.41)","(nan, nan)","(15.1195, 1095.73)","(47.4806, 1160.38)","(15.111, 1178.16)","(15.0701, 1254.62)","(nan, nan)","(nan, nan)","(nan, nan)","(15.078, 1254.57)","(12.1989, 1384.03)","(nan, nan)","(nan, nan)","(15.1448, 1042.61)","(nan, nan)","(15.1149, 1048.45)","(nan, nan)","(nan, nan)","(nan, nan)","(nan, nan)","(nan, nan)","(nan, nan)"
"(15.0998, 1066.27)","(15.1563, 1095.59)","(15.1556, 1107.39)","(15.1482, 1166.3)","(15.1343, 1160.55)","(15.1254, 1089.81)","(15.0883, 1160.48)","(15.1115, 1154.73)","(15.1106, 1248.66)","(15.0885, 1242.99)","(59.3976, 1389.76)","(200.69, 1431.46)","(15.1076, 1242.99)","(15.0324, 1384.39)","(nan, nan)","(15.1146, 1054.71)","(15.1052, 1054.51)","(15.1396, 1054.44)","(nan, nan)","(nan, nan)","(nan, nan)","(nan, nan)","(235.96, 1478.27)","(230.078, 1472.6)","(212.534, 1431.09)"
"(nan, nan)","(nan, nan)","(nan, nan)","(nan, nan)","(nan, nan)","(nan, nan)","(nan, nan)","(nan, nan)","(nan, nan)","(nan, nan)","(nan, nan)","(nan, nan)","(nan, nan)","(nan, nan)","(nan, nan)","(nan, nan)","(nan, nan)","(nan, nan)","(1007.38, 801.277)","(1101.59, 1213.38)","(1107.51, 1219.35)","(1101.66, 1225.21)","(nan, nan)","(nan, nan)","(nan, nan)"
"(983.816, 812.984)","(1007.12, 866.132)","(960.152, 871.945)","(954.407, 948.468)","(nan, nan)","(1048.4, 865.732)","(1077.98, 919.029)","(nan, nan)","(1013.28, 1001.45)","(989.635, 1007.33)","(nan, nan)","(nan, nan)","(1054.32, 995.61)","(nan, nan)","(nan, nan)","(966.37, 795.363)","(1001.35, 789.468)","(960.35, 818.723)","(1013.28, 801.334)","(nan, nan)","(nan, nan)","(nan, nan)","(nan, nan)","(nan, nan)","(nan, nan)"
